Customer_ID,Age,Gender,City,Signup_Date,Annual_Income_INR,Total_Spend_12M_INR,Purchase_Frequency_12M,Avg_Order_Value_INR,Days_Since_Last_Purchase,Discount_Usage_Pct,Online_Purchase_Pct,App_Visits_Per_Month,Returns_Pct,Categories_Purchased,Loyalty_Points,Customer_Tenure_Months,Campaign_Response_Rate_Pct,Preferred_Channel
CUST01861,39,Male,Chennai,2023-08-29,1180004.0,78897.0,15,7607.0,5,13.3,88.2,23.0,15.4,6,4017,37,39.0,Mobile App
CUST00354,18,Male,Pune,2023-06-25,1620808.0,60324.0,14,4773.0,12,24.5,99.6,22.0,4.8,8,3317,39,60.3,Mobile App
CUST01334,59,Male,Delhi,2022-02-09,875248.0,46379.0,6,7461.0,189,52.9,47.5,6.0,1.0,1,2669,55,19.5,Website
CUST00906,35,Female,Chennai,2026-01-20,870223.0,51190.0,18,2653.0,24,31.8,99.8,20.0,16.2,5,2566,7,75.0,Mobile App
CUST01290,36,Male,Bengaluru,2023-11-29,1183226.0,78450.0,18,4492.0,17,32.7,90.6,22.0,10.7,8,4428,34,80.8,Website
CUST01274,33,Female,Ahmedabad,2025-09-24,1057263.0,104341.0,31,3543.0,14,15.1,91.2,21.0,7.4,5,3985,11,11.8,Mobile App
CUST00939,22,Female,Ahmedabad,2026-08-03,615851.0,11459.0,5,2152.0,153,71.9,8.9,1.0,9.5,4,1312,1,0.0,Website
CUST01732,47,Female,Chennai,2023-04-03,962271.0,107908.0,31,2828.0,25,6.7,100.0,13.0,8.2,11,5737,42,59.0,Mobile App
CUST00066,27,Female,Chennai,2025-05-22,1453535.0,73586.0,34,2209.0,15,30.2,92.0,29.0,8.7,11,3447,16,61.7,Website
CUST01324,59,Male,Chennai,2021-04-16,1818398.0,173570.0,6,29449.0,64,,45.5,10.0,0.0,3,7202,65,43.1,Mobile App
CUST00057,37,Male,Pune,2022-02-10,1106011.0,48416.0,25,1824.0,5,58.5,92.0,11.0,8.4,11,3715,55,77.3,Mobile App
CUST01293,40,Male,Hyderabad,2026-07-09,1590389.0,79605.0,22,3660.0,22,34.1,99.9,21.0,6.4,6,3475,2,61.7,Website
CUST01119,46,Male,Ahmedabad,2023-02-04,705909.0,51973.0,9,6179.0,20,88.7,60.4,14.0,7.9,5,2115,43,56.2,Mobile App
CUST00585,37,Male,Pune,2024-08-22,954693.0,32740.0,3,12814.0,126,60.0,35.1,1.0,0.0,3,1030,25,22.8,Website
CUST00375,41,Female,Pune,2018-10-27,1631789.0,120504.0,31,4279.0,12,5.0,71.7,12.0,6.4,8,6683,96,48.7,Store
CUST00276,33,Female,Kolkata,2023-05-13,834910.0,61355.0,15,2863.0,41,61.0,63.9,13.0,17.4,7,2847,40,,Mobile App
CUST00747,38,Male,Bengaluru,2023-03-10,625337.0,44490.0,15,2900.0,48,95.5,100.0,17.0,9.6,3,1765,42,56.1,Mobile App
CUST00129,49,Female,Hyderabad,2023-06-13,1760290.0,150252.0,25,5856.0,21,5.2,76.3,11.0,6.0,8,6796,39,45.9,Store
CUST01647,38,Male,Pune,2024-08-04,1069738.0,61853.0,18,3825.0,21,60.4,97.7,9.0,5.7,5,3239,25,65.1,Mobile App
CUST01853,27,Female,Ahmedabad,2024-08-19,1212207.0,99758.0,17,6424.0,13,20.0,83.1,19.0,9.4,7,4511,25,55.3,Mobile App
CUST00675,22,Male,Mumbai,2022-07-31,1128576.0,83853.0,22,4445.0,19,5.7,86.1,37.0,10.6,8,4857,50,17.3,Mobile App
CUST01665,70,Male,Kolkata,2025-11-02,296173.0,33372.0,5,6324.0,172,6.7,62.5,0.0,13.0,6,425,10,22.5,Store
CUST01982,49,Male,Chennai,2023-07-12,884558.0,29943.0,21,1440.0,14,71.1,93.3,8.0,14.2,5,2078,38,56.8,Mobile App
CUST01084,43,Male,Hyderabad,2025-11-13,1027664.0,4278.0,5,778.0,177,52.6,38.8,3.0,3.5,6,329,10,8.4,Mobile App
CUST01923,23,Female,Kolkata,2025-11-07,1080829.0,44631.0,20,1935.0,20,33.4,83.1,28.0,11.5,9,2894,10,37.3,Website
CUST00100,33,Male,Pune,2023-02-14,855461.0,20286.0,2,9822.0,152,67.1,50.5,0.0,0.0,5,405,43,6.2,Store
CUST01180,39,Male,Ahmedabad,2021-05-03,707352.0,66601.0,13,4515.0,24,96.9,37.5,13.0,18.3,6,3370,65,77.8,Website
CUST00965,39,Female,Delhi,2022-10-11,700047.0,23358.0,6,3446.0,236,42.5,77.1,0.0,2.9,4,1066,47,13.4,Mobile App
CUST00793,32,Female,Chennai,2022-05-02,815139.0,69547.0,14,5345.0,17,66.0,75.4,11.0,7.8,8,4287,53,65.5,Store
CUST00030,41,Female,Kolkata,2023-05-26,2761380.0,129573.0,5,24661.0,1,23.4,25.4,5.0,4.3,5,4450,40,2.2,Store
CUST00629,25,Male,Bengaluru,2024-06-28,1737223.0,83829.0,29,2780.0,11,45.0,100.0,19.0,6.3,3,5916,27,34.9,Website
CUST00945,22,Female,Delhi,2023-05-15,1031402.0,56048.0,18,3747.0,4,14.1,100.0,29.0,10.9,9,3013,40,74.6,Website
CUST00573,35,Male,Delhi,2023-07-10,1061994.0,36873.0,26,1443.0,3,39.5,100.0,21.0,0.0,5,2054,38,48.4,Website
CUST00908,43,Female,Ahmedabad,2021-06-30,2006251.0,122182.0,29,4580.0,8,14.4,63.2,22.0,0.2,6,6729,63,44.1,Store
CUST01081,36,Other,Kolkata,2024-03-31,890565.0,61860.0,24,2453.0,20,86.1,88.9,22.0,11.5,6,3533,29,46.1,Mobile App
CUST00451,48,Female,Chennai,2022-03-26,1688697.0,148063.0,17,8456.0,4,8.7,75.2,18.0,6.9,11,5838,54,75.0,Store
CUST01610,36,Male,Bengaluru,2021-01-17,1120790.0,45753.0,6,6744.0,12,28.0,83.9,32.0,3.7,7,2368,68,49.9,Website
CUST01291,31,Female,Bengaluru,2023-06-16,300953.0,74904.0,24,3040.0,10,32.8,83.2,37.0,5.7,5,3781,39,49.8,Website
CUST01079,26,Female,Kolkata,2022-08-14,1213695.0,64702.0,12,5677.0,4,17.2,94.3,16.0,4.1,6,3378,49,39.5,Mobile App
CUST00255,37,Female,Hyderabad,2025-03-17,780417.0,62775.0,23,2542.0,31,76.6,81.7,7.0,9.1,4,3215,18,59.6,Mobile App
CUST00125,50,Male,Hyderabad,2023-01-13,2121057.0,139718.0,27,5327.0,10,19.4,46.3,12.0,5.5,9,5349,44,53.9,Website
CUST01928,62,Female,Delhi,2020-11-26,2617691.0,132364.0,5,22389.0,41,19.5,3.7,5.0,0.4,3,5577,70,35.4,Store
CUST00252,32,Female,Chennai,2020-09-08,947845.0,36904.0,3,12516.0,129,39.5,43.6,0.0,16.5,2,2617,73,6.4,Store
CUST00586,36,Male,Kolkata,2022-11-01,1135169.0,72177.0,23,2501.0,15,39.1,93.1,33.0,9.4,7,3781,47,43.3,Mobile App
CUST01569,18,Male,Bengaluru,2025-05-11,1590736.0,79174.0,23,3628.0,11,36.1,95.0,24.0,11.2,6,4567,16,20.9,Mobile App
CUST00825,39,Male,Chennai,2023-07-08,726534.0,36800.0,5,8324.0,217,65.1,74.6,4.0,8.0,3,1939,38,0.0,Mobile App
CUST00508,18,Male,Mumbai,2021-11-06,947178.0,36294.0,3,11867.0,105,35.7,29.3,3.0,0.2,3,2392,59,10.1,Website
CUST00890,48,Female,Ahmedabad,2025-03-15,2524745.0,113621.0,9,13184.0,77,15.0,52.6,9.0,6.3,5,4745,18,0.0,Store
CUST00071,37,Female,Pune,2023-10-28,746578.0,57585.0,22,2582.0,12,95.3,69.3,14.0,4.5,7,4621,35,58.9,Store
CUST01609,20,Male,Kolkata,2024-07-08,608774.0,45453.0,23,2038.0,15,86.3,62.8,13.0,11.5,6,3251,26,45.7,Website
CUST01533,36,Male,Hyderabad,2025-04-02,1061320.0,79866.0,24,3332.0,3,35.8,100.0,20.0,10.1,5,3890,17,67.1,Mobile App
CUST00248,43,Male,Chennai,2020-04-22,467744.0,63041.0,18,3057.0,38,49.0,62.5,20.0,17.4,7,3406,77,67.4,Store
CUST01451,39,Female,Mumbai,2019-01-12,517404.0,20990.0,4,5628.0,38,62.4,68.3,3.0,14.7,1,2341,93,2.8,Store
CUST00213,34,Male,Pune,2023-10-25,1284273.0,77715.0,23,3516.0,28,61.9,77.9,12.0,11.8,5,4281,35,70.5,Mobile App
CUST00910,28,Female,Hyderabad,2024-04-16,301724.0,42900.0,22,1969.0,43,72.4,49.7,3.0,16.1,6,3164,29,57.9,Store
CUST01742,35,Male,Mumbai,2020-09-04,874239.0,38027.0,19,1953.0,8,58.1,89.1,22.0,14.1,8,2562,73,52.3,Mobile App
CUST01245,58,Female,Mumbai,2025-08-03,1075958.0,65901.0,32,2154.0,23,75.4,52.8,11.0,0.0,8,3914,13,81.5,Store
CUST01697,42,Male,Chennai,2024-05-28,618543.0,55829.0,17,3567.0,16,84.4,24.2,18.0,10.3,5,2474,28,68.5,Store
CUST01183,51,Male,Ahmedabad,2023-06-28,1089369.0,88056.0,30,2672.0,12,18.3,28.7,15.0,4.9,9,5007,39,25.5,Store
CUST00362,54,Female,Mumbai,2024-01-03,2044758.0,133215.0,24,5834.0,26,4.4,69.4,22.0,9.9,9,5564,32,58.0,Website
CUST01474,36,Female,Pune,2023-11-03,1257917.0,64145.0,21,2911.0,11,37.5,88.8,30.0,8.6,7,2626,34,38.9,Mobile App
CUST00679,37,Male,Delhi,2021-06-16,2204177.0,135205.0,18,7754.0,27,13.5,64.5,18.0,9.5,9,6503,63,72.2,Website
CUST01622,31,Female,Bengaluru,2023-08-15,466923.0,15146.0,23,591.0,19,12.7,86.2,33.0,8.4,9,2153,37,33.3,Mobile App
CUST01090,39,Male,Kolkata,2025-03-06,1598018.0,96366.0,26,3136.0,16,33.9,94.1,26.0,6.8,10,4258,18,60.8,Mobile App
CUST01988,46,Male,Ahmedabad,2019-04-13,2809048.0,388665.0,8,15424.0,37,25.0,52.1,5.0,4.4,4,5411,90,39.3,Store
CUST01848,21,Female,Bengaluru,2023-12-31,1224172.0,85288.0,14,4797.0,1,23.8,96.6,28.0,4.0,8,3485,32,,Mobile App
CUST00988,42,Male,Hyderabad,2018-07-11,1293151.0,126776.0,28,4408.0,25,14.8,63.6,10.0,8.6,8,7076,99,61.3,Website
CUST01513,25,Male,Ahmedabad,2023-07-20,1227134.0,98960.0,24,4510.0,16,23.2,89.1,31.0,1.6,7,4876,38,47.4,Website
CUST00112,40,Male,Bengaluru,2023-09-04,814108.0,47220.0,17,2317.0,37,72.9,70.3,22.0,9.4,1,2300,36,100.0,Store
CUST01488,22,Male,Kolkata,2022-08-23,1116240.0,78232.0,19,4232.0,20,16.3,94.8,37.0,2.0,4,4012,49,26.9,Website
CUST01454,36,Female,Bengaluru,2021-09-07,1189477.0,10056.0,5,2282.0,335,42.1,7.5,5.0,0.2,3,1431,61,13.1,Store
CUST00384,32,Female,Mumbai,2023-04-29,1355184.0,83486.0,16,5830.0,24,32.8,85.1,36.0,12.9,8,4334,41,60.3,Mobile App
CUST01396,46,Female,Kolkata,2017-10-25,1835535.0,90292.0,29,3149.0,14,7.0,50.4,13.0,4.3,12,5806,108,14.1,Mobile App
CUST01055,37,Male,Ahmedabad,2022-02-27,1160626.0,80301.0,21,4030.0,46,82.9,73.4,13.0,8.9,4,4653,55,67.5,Store
CUST00756,56,Male,Ahmedabad,2019-10-05,828624.0,48588.0,7,7213.0,47,61.0,72.3,7.0,18.0,7,1786,84,52.7,Store
CUST00325,18,Male,Hyderabad,2020-07-28,1277592.0,23114.0,4,6592.0,251,27.5,35.2,4.0,1.3,3,2147,74,13.9,Website
CUST01624,52,Other,Ahmedabad,2023-10-26,1415735.0,80777.0,21,4514.0,15,20.8,21.9,19.0,0.0,8,4541,35,68.4,Website
CUST00788,18,Male,Kolkata,2021-08-07,956658.0,61051.0,17,3313.0,1,66.9,59.1,11.0,6.5,5,4001,62,49.8,Store
CUST00369,18,Other,Pune,2020-09-27,958727.0,60185.0,17,3025.0,16,95.1,45.7,16.0,10.0,7,4000,72,76.4,Mobile App
CUST01820,41,Female,Mumbai,2025-11-20,,46365.0,30,1853.0,9,39.2,100.0,29.0,3.4,4,2755,9,48.1,Mobile App
CUST00070,32,Female,Chennai,2022-10-11,882157.0,76655.0,25,2820.0,29,34.7,87.6,23.0,2.5,10,4089,47,56.6,Mobile App
CUST00858,38,Male,Bengaluru,2023-08-03,491792.0,14484.0,5,2553.0,227,53.3,76.1,5.0,14.1,1,1912,38,16.2,Store
CUST01484,30,Male,Ahmedabad,2026-01-20,962576.0,52200.0,13,4797.0,29,81.1,71.0,16.0,0.0,5,2538,7,69.9,Website
CUST01556,29,Female,Bengaluru,2020-10-29,2780796.0,167414.0,8,23766.0,58,24.3,47.3,6.0,1.3,5,6440,71,21.5,Website
CUST01692,39,Female,Delhi,2021-10-19,841369.0,33407.0,3,10625.0,173,39.1,20.5,3.0,3.7,1,1724,59,25.9,Store
CUST01475,24,Female,Chennai,2020-10-14,484798.0,110544.0,21,6178.0,20,,100.0,19.0,7.7,5,5615,72,44.0,Mobile App
CUST01799,18,Female,Bengaluru,2023-01-09,1049157.0,44084.0,21,1736.0,6,36.1,89.0,32.0,11.9,7,3557,44,70.1,Mobile App
CUST00479,38,Male,Mumbai,2024-05-24,1561898.0,79078.0,33,2294.0,4,12.8,99.4,14.0,4.0,8,4471,28,44.9,Website
CUST00282,31,Female,Mumbai,2023-02-20,1058353.0,74497.0,24,2953.0,23,76.2,50.9,8.0,3.3,5,4789,43,39.3,Store
CUST01648,55,Male,Ahmedabad,2026-08-07,2732042.0,104826.0,5,21748.0,2,9.1,42.7,6.0,11.9,2,3538,1,19.1,Website
CUST01557,38,Male,Hyderabad,2024-07-16,778317.0,23748.0,1,21588.0,300,20.2,45.3,5.0,10.9,2,1118,26,5.2,Mobile App
CUST01730,51,Female,Chennai,2026-07-04,562802.0,68712.0,16,3457.0,24,52.1,89.0,20.0,6.2,6,2364,2,79.4,Website
CUST00211,51,Female,Bengaluru,2020-10-13,2307417.0,58768.0,5,11179.0,25,14.0,43.5,10.0,6.4,3,3282,72,37.0,Mobile App
CUST00298,22,Male,Pune,2025-09-16,1463371.0,16405.0,4,3500.0,192,23.4,54.3,1.0,12.4,2,711,12,7.2,Website
CUST01885,48,Male,Bengaluru,2024-04-05,1012633.0,53939.0,26,1658.0,23,60.7,56.6,20.0,13.7,3,3740,29,48.1,Store
CUST01834,39,Female,Bengaluru,2023-07-02,1263171.0,56421.0,6,11605.0,63,63.9,67.9,14.0,10.2,6,2882,39,48.2,Mobile App
CUST00652,22,Male,Chennai,2022-10-24,1316162.0,25691.0,4,5722.0,147,23.5,49.6,2.0,17.3,3,1543,47,0.0,Website
CUST01234,30,Female,Bengaluru,2025-02-02,2081320.0,61062.0,5,13259.0,13,12.2,43.7,3.0,4.9,5,2768,19,17.5,Mobile App
CUST01503,58,Female,Chennai,2023-07-28,595472.0,74975.0,16,5438.0,27,82.2,75.8,12.0,7.7,5,2942,38,65.2,Website
CUST01932,34,Female,Mumbai,2023-06-25,1457999.0,42056.0,22,2348.0,13,26.2,87.0,11.0,7.4,8,2884,39,31.4,Website
CUST00917,39,Male,Delhi,2021-09-10,1635532.0,156118.0,22,7332.0,11,11.5,59.2,16.0,5.2,10,6090,61,81.2,Website
CUST00994,29,Female,Kolkata,2020-08-30,1250834.0,50225.0,13,3932.0,8,58.5,74.3,8.0,4.8,7,2628,73,100.0,Website
CUST00430,66,Male,Mumbai,2024-09-14,401859.0,34886.0,5,6556.0,117,35.6,44.2,3.0,2.5,3,1063,24,1.1,Website
CUST01371,46,Female,Hyderabad,2019-11-20,2624064.0,126857.0,26,6017.0,1,21.3,79.3,12.0,3.2,4,6874,83,56.2,Website
CUST00240,44,Male,Hyderabad,2021-11-26,1177757.0,130628.0,27,5340.0,1,16.2,4.3,18.0,2.0,5,6603,58,61.2,Store
CUST00880,33,Male,Hyderabad,2022-03-04,1529761.0,71494.0,32,1832.0,6,13.1,98.9,21.0,15.2,10,3552,55,62.2,Mobile App
CUST00621,37,Female,Mumbai,2022-11-09,1813111.0,99578.0,10,8843.0,52,8.2,19.3,8.0,3.9,3,5645,46,16.9,Store
CUST00257,27,Female,Pune,2024-03-05,998640.0,9193.0,7,1163.0,48,44.3,25.3,2.0,16.9,3,251,30,1.7,Store
CUST00612,36,Female,Ahmedabad,2023-12-02,1118204.0,76612.0,23,4207.0,14,28.4,100.0,28.0,13.8,5,4591,33,41.7,Website
CUST00545,71,Male,Bengaluru,2022-07-26,1388171.0,154130.0,19,7875.0,17,2.6,62.6,15.0,4.1,10,5907,50,59.9,Mobile App
CUST00772,32,Male,Bengaluru,2022-03-01,1183268.0,77337.0,24,2679.0,21,23.7,84.8,35.0,13.6,3,4480,55,49.4,Website
CUST01420,45,Female,Kolkata,2019-04-06,1035628.0,30734.0,8,3467.0,147,52.4,13.6,0.0,4.5,4,2308,90,28.7,Store
CUST01042,32,Female,Bengaluru,2023-08-14,1216910.0,112172.0,26,4746.0,1,34.5,89.0,37.0,9.6,5,4930,37,61.4,Website
CUST01790,43,Female,Kolkata,2020-09-15,1771782.0,102532.0,28,3736.0,18,15.3,63.8,,9.0,9,5283,73,28.9,Mobile App
CUST00760,27,Male,Delhi,2023-04-18,1081007.0,48576.0,26,1910.0,16,37.4,95.5,23.0,0.9,9,3827,41,39.4,Mobile App
CUST00383,45,Female,Delhi,2021-11-18,2914046.0,117699.0,7,16060.0,75,20.3,65.9,6.0,5.6,4,4938,58,52.1,Website
CUST01104,18,Male,Kolkata,2020-11-09,1451685.0,32547.0,4,7697.0,181,52.1,57.2,2.0,0.0,6,2197,71,13.4,Store
CUST00974,31,Female,Pune,2023-08-23,250000.0,27198.0,3,9415.0,196,28.4,61.3,3.0,0.0,4,1760,37,24.8,Mobile App
CUST00353,28,Male,Chennai,2022-09-27,1051355.0,39554.0,17,2193.0,1,25.3,92.8,31.0,16.1,7,2357,48,34.7,Mobile App
CUST01606,36,Female,Mumbai,2022-01-13,1060772.0,69154.0,15,5160.0,17,53.8,80.7,6.0,11.2,8,3901,56,43.4,Mobile App
CUST01826,38,Female,Bengaluru,2019-10-04,1984814.0,135684.0,26,5642.0,1,3.0,52.5,20.0,7.9,10,6461,84,49.4,Website
CUST01037,20,Male,Delhi,2023-02-12,911149.0,53246.0,15,3899.0,21,61.5,52.6,17.0,13.6,4,2954,43,56.3,Mobile App
CUST01108,23,Female,Hyderabad,2026-08-04,742917.0,25949.0,16,1510.0,28,85.3,63.9,14.0,8.9,2,1518,1,63.2,Store
CUST00495,44,Female,Pune,2020-06-05,2976197.0,74853.0,4,21525.0,72,18.8,55.4,7.0,3.9,3,2815,76,44.3,Website
CUST00394,59,Male,Ahmedabad,2021-12-11,1638344.0,159141.0,3,50849.0,42,8.5,85.8,4.0,2.5,3,4396,57,23.4,Website
CUST01547,30,Female,Bengaluru,2023-02-11,927976.0,45356.0,30,1405.0,22,79.0,79.9,10.0,9.8,5,2703,43,69.5,Website
CUST00465,36,Male,Hyderabad,2024-01-15,1204493.0,43558.0,20,2412.0,17,37.0,80.5,22.0,1.0,4,2981,32,57.0,Mobile App
CUST00887,45,Male,Chennai,2024-10-14,618206.0,63150.0,21,3230.0,29,96.2,50.1,16.0,15.3,5,2634,23,63.7,Website
CUST01194,40,Male,Delhi,2023-04-03,504582.0,34951.0,4,9702.0,155,63.9,58.9,2.0,6.0,1,1444,42,19.2,Store
CUST00367,44,Male,Delhi,2025-10-06,2566332.0,124031.0,7,17343.0,40,10.6,63.9,7.0,0.9,4,4456,11,28.5,Website
CUST01894,27,Male,Mumbai,2021-11-20,1583274.0,113825.0,28,3588.0,10,15.0,19.2,15.0,6.1,9,6324,58,45.1,Store
CUST01874,46,Female,Delhi,2020-07-26,769978.0,24164.0,3,7337.0,149,19.6,48.3,3.0,2.1,4,1829,74,2.7,Website
CUST00745,27,Female,Delhi,2025-03-20,1202680.0,71805.0,23,3954.0,1,34.8,88.0,40.0,5.8,4,3510,18,28.1,Mobile App
CUST00530,45,Female,Pune,2023-10-06,868950.0,49523.0,8,5913.0,11,78.5,96.4,16.0,14.6,4,2855,35,86.3,Mobile App
CUST00803,45,Male,Bengaluru,2026-08-04,1364047.0,3113.0,5,648.0,200,42.5,23.4,0.0,12.8,2,284,1,19.7,Store
CUST01224,25,Male,Ahmedabad,2024-05-31,,39050.0,20,1549.0,12,29.9,97.1,32.0,4.1,8,996,27,69.8,Mobile App
CUST01979,53,Female,Mumbai,2019-10-23,2329446.0,123565.0,10,12681.0,99,18.2,46.0,6.0,4.7,4,5434,84,42.6,Website
CUST01906,43,Female,Delhi,2022-07-13,1023700.0,45254.0,27,1690.0,12,41.4,76.3,,10.8,6,4021,50,26.9,Store
CUST01700,58,Female,Pune,2020-05-31,2363538.0,94276.0,6,14203.0,33,8.1,66.1,11.0,0.0,5,3889,76,11.0,Store
CUST01545,38,Female,Delhi,2021-04-08,1069939.0,69348.0,25,2775.0,11,56.5,82.8,33.0,6.5,5,4302,66,86.2,Website
CUST01314,33,Male,Delhi,2021-10-08,1160223.0,144709.0,17,8432.0,19,17.0,61.4,13.0,6.0,10,6509,60,21.4,Mobile App
CUST00307,33,Male,Chennai,2024-12-30,739937.0,46729.0,31,1368.0,21,67.3,100.0,15.0,2.1,8,2970,20,81.6,Mobile App
CUST01667,46,Female,Chennai,2019-05-23,,36890.0,5,6742.0,102,40.4,37.7,4.0,1.6,3,2058,89,13.6,Store
CUST00863,37,Female,Chennai,2020-06-17,3334849.0,115933.0,6,20250.0,48,21.9,79.1,8.0,5.6,3,6377,76,14.6,Website
CUST01567,41,Male,Pune,2022-01-12,1947517.0,55747.0,27,2121.0,10,10.9,30.4,14.0,0.4,12,4061,56,24.1,Store
CUST00531,36,Female,Bengaluru,2025-03-18,3365228.0,123956.0,7,16831.0,1,18.4,45.3,7.0,6.2,3,4635,18,29.2,Store
CUST00655,26,Male,Chennai,2017-08-12,555480.0,33476.0,4,6999.0,117,58.4,35.4,4.0,13.6,3,2103,110,0.0,Mobile App
CUST01260,46,Female,Hyderabad,2026-06-24,932926.0,28780.0,9,3350.0,153,32.6,55.6,7.0,11.9,4,1088,2,15.5,Mobile App
CUST00234,34,Female,Bengaluru,2024-02-06,1602192.0,77808.0,24,3262.0,19,29.7,90.9,28.0,13.9,7,4734,31,34.2,Mobile App
CUST00121,38,Male,Pune,2025-01-18,827581.0,75102.0,17,4256.0,15,25.0,96.2,22.0,11.0,7,4001,20,27.9,Mobile App
CUST01698,47,Female,Hyderabad,2021-03-23,3651706.0,116132.0,7,14477.0,52,15.8,43.5,4.0,2.6,5,5184,66,9.3,Website
CUST00950,36,Female,Bengaluru,2021-02-25,819654.0,71926.0,20,3950.0,52,82.6,13.2,13.0,3.6,4,3249,67,62.4,Store
CUST00618,35,Female,Delhi,2023-11-18,1172328.0,62154.0,10,6669.0,13,75.3,63.2,13.0,10.0,5,2382,34,85.8,Mobile App
CUST01179,45,Female,Chennai,2025-03-17,515654.0,42409.0,24,1829.0,16,80.6,73.2,15.0,18.1,6,2653,18,77.6,Mobile App
CUST00308,33,Female,Mumbai,2025-11-05,966667.0,81004.0,28,2940.0,15,57.4,98.0,28.0,8.0,7,3967,10,46.6,Website
CUST00136,35,Male,Mumbai,2022-05-24,1328134.0,106199.0,28,3781.0,1,13.5,67.0,12.0,9.4,7,4997,52,62.2,Website
CUST00555,37,Male,Pune,2021-02-06,2125921.0,84843.0,31,2750.0,11,10.5,28.4,10.0,8.6,8,4222,68,,Store
CUST01674,55,Male,Chennai,2021-12-19,1747675.0,115824.0,33,3519.0,13,11.1,58.6,22.0,5.9,10,6436,57,71.3,Store
CUST00584,20,Female,Chennai,2022-05-30,1199213.0,47833.0,12,4585.0,19,68.0,71.0,17.0,11.4,2,2575,52,66.5,Store
CUST01641,59,Female,Chennai,2023-07-28,1747815.0,89116.0,3,27867.0,77,23.7,46.2,11.0,10.2,4,3778,38,44.2,Store
CUST00671,37,Female,Hyderabad,2020-02-24,920264.0,146589.0,24,8276.0,17,6.8,95.9,19.0,1.9,8,7250,79,51.6,Website
CUST00835,61,Male,Pune,2023-07-25,2471341.0,105948.0,5,16594.0,33,4.6,38.6,6.0,8.2,6,4578,38,39.5,Store
CUST00110,38,Male,Ahmedabad,2024-02-15,1005390.0,31829.0,1,28652.0,245,45.9,42.7,4.0,9.6,3,1041,31,9.8,Website
CUST01165,46,Male,Bengaluru,2023-12-21,1621410.0,158287.0,28,4308.0,14,4.9,45.8,17.0,1.8,8,7794,33,55.1,Store
CUST01960,29,Female,Pune,2024-08-17,1137609.0,79400.0,22,3329.0,8,23.4,95.6,14.0,13.7,7,3879,25,52.3,Website
CUST01465,43,Male,Pune,2022-03-06,985056.0,75825.0,17,3841.0,20,34.3,89.7,25.0,1.1,7,2126,55,34.4,Website
CUST01729,62,Male,Delhi,2022-06-17,1601859.0,92122.0,38,2213.0,20,0.6,37.1,16.0,5.1,6,5508,51,55.8,Store
CUST01243,34,Female,Chennai,2024-07-07,829395.0,54076.0,20,2703.0,37,73.2,41.2,23.0,11.7,6,2920,26,52.9,Website
CUST00212,31,Male,Ahmedabad,2026-07-29,1031697.0,69326.0,18,4133.0,3,33.4,93.2,29.0,2.4,5,3310,1,57.0,Mobile App
CUST01768,55,Male,Mumbai,2021-06-12,860002.0,97652.0,30,2911.0,1,5.4,49.6,11.0,6.9,10,5317,64,70.8,Mobile App
CUST01121,19,Female,Chennai,2025-02-01,566047.0,50247.0,13,3991.0,10,19.9,80.2,27.0,7.1,3,2330,19,46.8,Website
CUST00680,35,Female,Bengaluru,2025-03-18,1412944.0,40764.0,24,1673.0,40,56.2,61.6,10.0,11.9,6,3443,18,90.1,Website
CUST01951,30,Male,Chennai,2021-01-09,484059.0,29968.0,6,5151.0,73,36.4,46.2,2.0,3.5,6,1020,69,6.9,Mobile App
CUST01839,51,Female,Chennai,2023-07-05,2973674.0,77545.0,4,20583.0,41,17.6,24.1,10.0,4.9,5,3707,38,51.5,Store
CUST00412,18,Male,Hyderabad,2025-09-20,1334123.0,42150.0,16,2797.0,18,47.8,90.9,31.0,9.2,7,2738,12,57.0,Mobile App
CUST01325,49,Male,Kolkata,2025-01-01,632207.0,56704.0,19,3001.0,9,60.7,30.1,8.0,13.1,3,2728,20,,Store
CUST00783,29,Male,Hyderabad,2022-06-04,1104442.0,98180.0,23,4277.0,26,35.0,94.8,31.0,4.1,5,3931,52,21.7,Website
CUST01346,29,Female,Chennai,2025-08-17,816684.0,55112.0,24,2340.0,23,37.4,88.3,37.0,1.1,6,2969,13,44.7,Mobile App
CUST00875,20,Female,Mumbai,2023-01-29,2053734.0,102048.0,7,16454.0,91,7.1,55.2,10.0,11.0,5,4607,44,10.2,Website
CUST01653,18,Female,Bengaluru,2023-05-13,930731.0,60064.0,14,4370.0,59,80.0,42.8,17.0,10.5,6,3357,40,78.6,Store
CUST01279,18,Female,Ahmedabad,2022-03-14,567036.0,13413.0,5,2023.0,147,64.5,1.9,3.0,6.1,4,894,54,22.7,Store
CUST00786,32,Female,Chennai,2023-05-28,1011862.0,48834.0,8,6517.0,25,84.7,90.9,9.0,10.1,6,2495,40,69.7,Mobile App
CUST01819,32,Male,Hyderabad,2024-07-13,,48568.0,30,1736.0,16,28.3,88.8,40.0,10.8,9,3170,26,56.9,Website
CUST01199,39,Female,Pune,2020-04-28,1407493.0,56189.0,15,3484.0,1,74.7,28.3,11.0,6.7,6,2800,77,68.8,Website
CUST00808,61,Female,Chennai,2021-02-23,1390418.0,107807.0,34,3351.0,11,19.2,34.3,18.0,2.1,5,6198,67,58.4,Website
CUST00713,35,Male,Chennai,2022-12-10,1215723.0,22190.0,3,7709.0,201,47.3,67.1,5.0,7.3,2,1422,45,15.3,Store
CUST01991,39,Male,Bengaluru,2023-08-03,1695157.0,154541.0,19,7501.0,16,19.4,72.8,22.0,4.8,5,6440,38,50.5,Mobile App
CUST01660,47,Male,Bengaluru,2020-04-15,2226710.0,125909.0,28,5254.0,17,7.3,44.2,13.0,5.1,5,5231,78,52.5,Store
CUST01191,28,Male,Bengaluru,2024-04-21,580822.0,101302.0,17,6019.0,14,20.3,82.6,26.0,4.6,5,4478,29,24.3,Mobile App
CUST01226,43,Male,Chennai,2020-01-21,266669.0,32895.0,5,7120.0,102,35.7,3.0,0.0,2.3,4,1624,80,14.7,Store
CUST00603,24,Female,Pune,2026-08-03,1265893.0,21426.0,1,21885.0,154,35.7,32.2,2.0,7.2,2,436,1,23.4,Website
CUST00271,49,Male,Hyderabad,2022-03-10,2282356.0,140210.0,28,5668.0,22,18.4,64.8,21.0,0.0,7,5882,55,72.3,Website
CUST01385,39,Male,Bengaluru,2022-01-22,910926.0,12090.0,4,2591.0,175,15.2,18.0,3.0,3.6,2,1475,56,0.0,Website
CUST00232,30,Male,Bengaluru,2023-03-06,975485.0,42887.0,10,4141.0,5,89.9,73.3,23.0,9.9,11,2842,42,68.3,Mobile App
CUST00050,42,Male,Hyderabad,2022-01-15,1540486.0,113763.0,34,3302.0,6,6.5,48.7,21.0,7.0,9,5829,56,63.6,Website
CUST00463,54,Male,Hyderabad,2023-03-08,1313954.0,17256.0,6,2801.0,188,47.4,18.6,4.0,0.0,1,885,42,10.1,Store
CUST01106,50,Female,Kolkata,2022-03-28,2267346.0,92535.0,7,12901.0,38,8.9,36.7,8.0,0.9,4,3199,54,17.3,Mobile App
CUST00856,30,Female,Mumbai,2024-12-05,1429438.0,47447.0,33,1425.0,16,39.4,86.7,35.0,6.5,6,3400,21,43.7,Mobile App
CUST00694,46,Male,Pune,2023-08-11,1104226.0,40754.0,18,2142.0,10,53.8,63.0,22.0,0.4,6,1819,37,72.3,Website
CUST01552,34,Male,Kolkata,2025-11-28,718177.0,90422.0,17,5251.0,4,29.4,94.5,24.0,6.4,10,4338,9,48.0,Mobile App
CUST01873,35,Female,Chennai,2023-05-06,1020810.0,33546.0,5,6626.0,239,30.6,100.0,1.0,2.1,3,1111,40,21.2,Mobile App
CUST00527,49,Female,Hyderabad,2025-06-18,941487.0,28513.0,3,9905.0,1,46.7,48.2,2.0,15.1,6,1587,15,18.5,Mobile App
CUST00174,33,Female,Delhi,2025-05-30,802572.0,26414.0,4,6783.0,114,71.7,41.0,5.0,11.4,1,1179,15,4.5,Website
CUST00721,27,Male,Chennai,2021-08-24,1148109.0,37426.0,8,4131.0,12,37.7,69.4,21.0,0.0,7,2577,61,44.5,Mobile App
CUST00415,41,Male,Chennai,2021-01-01,1963818.0,122929.0,19,7934.0,11,19.0,52.0,14.0,6.1,6,5125,69,35.0,Website
CUST00238,67,Female,Chennai,2019-06-21,3032814.0,81056.0,6,13705.0,35,33.3,50.8,7.0,3.4,4,3528,88,28.1,Store
CUST01473,41,Male,Kolkata,2018-03-31,1597742.0,104781.0,40,2660.0,14,19.8,70.5,26.0,4.3,6,7058,103,68.5,Website
CUST01336,45,Female,Pune,2024-07-17,1398950.0,30287.0,6,4629.0,179,60.7,92.0,3.0,8.6,1,1367,26,2.3,Mobile App
CUST01064,36,Male,Ahmedabad,2025-04-28,1259940.0,95129.0,24,3870.0,16,42.0,78.1,42.0,8.1,11,4718,16,30.1,Mobile App
CUST00024,29,Male,Ahmedabad,2026-08-01,838272.0,15082.0,8,2055.0,191,54.7,59.3,3.0,9.2,1,1500,1,13.4,Website
CUST01767,59,Male,Pune,2024-09-19,499486.0,21954.0,4,5794.0,203,44.7,36.1,3.0,6.7,5,1359,24,14.3,Store
CUST00064,47,Male,Chennai,2021-02-26,2741440.0,64252.0,4,16589.0,43,17.0,53.4,2.0,5.1,6,2547,67,29.9,Website
CUST00290,42,Female,Bengaluru,2023-11-23,1652516.0,140808.0,26,3686.0,11,0.0,80.9,21.0,10.7,8,5866,34,48.7,Mobile App
CUST00189,52,Male,Delhi,2023-09-20,1951209.0,119066.0,6,13011.0,12,13.2,63.6,1.0,4.3,6,5538,36,28.0,Mobile App
CUST00702,49,Male,Delhi,2023-09-23,250000.0,68142.0,14,5437.0,18,62.5,63.8,9.0,7.9,10,4048,36,99.7,Website
CUST01815,32,Female,Mumbai,2023-02-04,772321.0,32133.0,4,8662.0,71,47.8,34.8,6.0,12.4,3,1236,43,12.8,Website
CUST01138,43,Male,Hyderabad,2021-02-25,404778.0,49247.0,13,4043.0,39,82.7,60.1,9.0,12.0,6,2960,67,94.6,Store
CUST00355,19,Male,Ahmedabad,2026-06-02,1279752.0,70759.0,20,4080.0,16,15.4,100.0,27.0,8.3,6,3738,3,45.8,Mobile App
CUST00417,43,Female,Ahmedabad,2019-06-21,2203343.0,83955.0,19,5181.0,14,12.7,59.9,9.0,5.3,6,4179,88,95.9,Store
CUST01246,34,Male,Kolkata,2022-06-04,616259.0,65858.0,13,4121.0,20,80.0,86.9,11.0,11.0,5,2792,52,84.4,Mobile App
CUST00931,39,Male,Chennai,2023-03-04,1122761.0,41349.0,20,1911.0,54,,100.0,8.0,2.6,6,2302,43,78.0,Website
CUST00197,25,Male,Mumbai,2025-07-02,1277093.0,58099.0,13,4535.0,15,27.9,88.9,41.0,0.9,8,2920,14,62.5,Mobile App
CUST00580,43,Female,Chennai,2024-08-10,826799.0,58616.0,12,4780.0,22,87.2,82.5,9.0,6.3,4,3108,25,47.0,Mobile App
CUST01135,18,Male,Kolkata,2025-07-24,944872.0,31321.0,7,4855.0,286,62.1,0.0,6.0,10.0,5,1051,13,0.0,Store
CUST01814,27,Male,Hyderabad,2023-05-19,1025009.0,72521.0,12,6855.0,31,82.3,68.2,21.0,8.1,7,3421,40,68.7,Mobile App
CUST01935,45,Male,Pune,2017-04-26,2564551.0,98033.0,3,32495.0,47,28.8,12.7,3.0,2.3,5,4481,114,16.7,Store
CUST00434,19,Male,Kolkata,2026-08-17,1394268.0,23597.0,5,4133.0,193,56.8,44.9,2.0,9.2,1,1057,1,1.9,Store
CUST00101,41,Female,Hyderabad,2022-12-10,1400336.0,24567.0,7,3812.0,196,54.2,53.0,3.0,19.5,2,1320,45,12.1,Website
CUST01655,65,Male,Mumbai,2018-08-17,1101025.0,29862.0,8,4188.0,57,43.6,40.7,6.0,8.2,2,2685,98,3.6,Website
CUST00395,54,Male,Bengaluru,2018-11-15,1715531.0,145406.0,21,7562.0,18,8.0,36.7,14.0,9.2,8,6468,95,43.8,Store
CUST01939,41,Male,Pune,2025-02-24,912744.0,68931.0,19,3983.0,1,80.7,67.3,18.0,6.9,6,3639,18,55.0,Mobile App
CUST00221,38,Male,Pune,2021-05-05,910202.0,64745.0,15,5298.0,11,69.4,49.2,8.0,0.3,9,4366,65,77.0,Mobile App
CUST01676,29,Male,Pune,2021-06-29,972202.0,14458.0,5,3031.0,151,54.0,66.5,3.0,1.7,4,2472,63,10.4,Store
CUST01498,39,Male,Bengaluru,2024-01-18,1369394.0,69469.0,32,2874.0,8,27.8,90.3,32.0,3.3,9,3733,32,53.9,Mobile App
CUST01785,27,Other,Pune,2023-01-30,706728.0,71558.0,28,2273.0,26,86.2,72.0,4.0,5.0,1,5402,44,51.8,Store
CUST00345,34,Male,Ahmedabad,2017-09-29,3830980.0,72642.0,6,12611.0,60,20.7,38.2,5.0,3.3,2,3517,109,24.9,Mobile App
CUST01028,32,Male,Chennai,2020-12-16,859986.0,56939.0,11,5587.0,26,64.0,76.0,18.0,7.0,4,3774,69,81.1,Store
CUST00889,28,Female,Chennai,2022-01-03,,109132.0,34,3578.0,14,12.9,76.3,14.0,6.3,11,6175,57,43.5,Store
CUST01351,22,Male,Pune,2020-12-16,1184861.0,56548.0,7,10225.0,110,0.0,26.3,6.0,8.6,3,2926,70,24.5,Store
CUST00553,37,Male,Bengaluru,2022-10-09,786604.0,40111.0,11,4142.0,16,83.6,89.3,15.0,0.0,4,1723,47,62.5,Mobile App
CUST00744,63,Female,Chennai,2021-12-18,2347804.0,108264.0,31,3790.0,1,25.4,40.6,18.0,3.0,9,6036,57,62.2,Website
CUST01542,24,Female,Ahmedabad,2022-03-28,386282.0,91048.0,14,7416.0,2,67.6,45.6,13.0,7.4,8,3650,54,59.1,Website
CUST00539,46,Female,Hyderabad,2019-09-18,1316131.0,123437.0,42,3046.0,8,6.0,65.3,12.0,2.1,12,6734,85,60.2,Store
CUST00907,20,Female,Bengaluru,2026-08-08,355410.0,54795.0,31,2161.0,22,30.6,85.3,29.0,8.8,8,3221,1,98.5,Website
CUST01395,40,Female,Pune,2023-12-29,897416.0,33073.0,4,7875.0,165,80.0,80.7,1.0,16.8,1,1911,33,9.1,Website
CUST00116,21,Male,Mumbai,2026-08-09,1756211.0,6051.0,3,1765.0,149,16.1,76.1,8.0,5.1,1,29,1,9.8,Store
CUST00830,52,Male,Delhi,2026-08-09,274679.0,69906.0,14,5704.0,45,47.6,60.8,20.0,12.6,5,2910,1,48.2,Website
CUST01938,39,Male,Bengaluru,2023-06-19,,66460.0,27,2369.0,11,27.7,83.6,36.0,5.8,2,3736,39,41.1,Mobile App
CUST00809,40,Male,Bengaluru,2025-11-29,1664693.0,63408.0,14,3777.0,12,28.0,100.0,27.0,4.5,6,3971,9,62.0,Mobile App
CUST01311,48,Female,Pune,2022-04-04,460342.0,67301.0,19,3657.0,1,77.4,95.7,14.0,5.1,5,3899,54,74.7,Website
CUST01005,18,Male,Pune,2024-04-13,899647.0,41871.0,26,1688.0,30,39.9,100.0,25.0,9.4,7,2651,29,68.9,Mobile App
CUST00306,29,Female,Kolkata,2023-07-09,1158322.0,49397.0,20,2052.0,7,41.9,93.2,15.0,8.4,7,2547,38,41.7,Mobile App
CUST01101,54,Female,Ahmedabad,2019-09-16,1655985.0,160478.0,25,6407.0,2,11.0,62.2,13.0,5.3,11,6831,85,70.8,Website
CUST00480,22,Female,Bengaluru,2025-03-20,639505.0,57885.0,20,2616.0,59,47.5,72.6,9.0,12.4,4,3444,18,70.3,Store
CUST01424,30,Other,Pune,2021-10-24,654443.0,75332.0,8,10869.0,9,69.5,63.7,11.0,10.2,5,3802,59,84.5,Mobile App
CUST01076,30,Male,Bengaluru,2022-06-09,1076047.0,7704.0,14,542.0,5,72.4,100.0,11.0,14.0,10,1680,51,57.9,Website
CUST00571,34,Female,Hyderabad,2024-01-27,557314.0,41939.0,15,2324.0,9,67.9,45.5,16.0,12.3,3,2612,32,95.8,Website
CUST00619,39,Male,Hyderabad,2023-06-28,2451880.0,124035.0,28,3297.0,19,15.1,59.7,12.0,5.5,8,5799,39,60.0,Store
CUST01898,35,Female,Hyderabad,2022-11-16,1042848.0,78932.0,22,4049.0,40,73.8,88.1,13.0,14.7,8,4309,46,44.9,Website
CUST01266,45,Female,Bengaluru,2019-08-24,1280437.0,19817.0,5,4235.0,98,50.9,6.6,1.0,5.6,2,1491,85,17.7,Store
CUST00079,27,Male,Ahmedabad,2025-07-23,1623087.0,83835.0,19,5103.0,15,24.4,99.1,17.0,11.3,6,3653,14,44.5,Mobile App
CUST01912,39,Male,Hyderabad,2024-11-21,1986866.0,143559.0,26,6052.0,14,17.6,33.0,19.0,8.2,9,5937,22,50.8,Store
CUST00033,29,Female,Chennai,2022-01-26,1170288.0,60296.0,19,3558.0,15,79.8,86.9,18.0,16.6,7,4266,56,63.4,Website
CUST01538,67,Male,Bengaluru,2021-04-15,3148665.0,83403.0,9,11058.0,26,12.4,21.3,0.0,5.1,3,3563,65,20.1,Store
CUST01034,22,Female,Chennai,2026-08-05,428278.0,36866.0,6,5953.0,218,73.7,13.6,5.0,7.6,4,1536,1,9.7,Website
CUST01563,58,Female,Bengaluru,2023-12-02,688016.0,25942.0,1,25587.0,156,50.0,56.0,0.0,5.7,3,1266,33,18.5,Store
CUST00352,57,Male,Chennai,2022-11-22,1469022.0,91947.0,31,2889.0,15,26.3,48.5,19.0,8.2,7,4275,46,66.1,Mobile App
CUST00164,52,Female,Delhi,2021-09-04,1402711.0,110412.0,35,3483.0,13,9.5,63.2,16.0,0.0,6,6492,61,49.7,Store
CUST00204,30,Female,Pune,2020-04-14,1071511.0,104286.0,28,4002.0,11,15.1,79.2,6.0,8.6,7,5652,78,35.1,Website
CUST01054,40,Female,Pune,2022-07-07,1289996.0,154511.0,27,4688.0,6,12.2,40.1,13.0,5.0,6,6526,51,43.8,Website
CUST01365,24,Male,Hyderabad,2023-04-24,1206969.0,74097.0,18,4205.0,11,19.1,89.0,18.0,6.4,5,4615,41,47.6,Mobile App
CUST01967,53,Female,Mumbai,2016-10-27,1501028.0,109653.0,4,23291.0,68,7.1,41.5,8.0,2.0,1,5791,120,43.6,Website
CUST00496,28,Male,Ahmedabad,2026-01-15,1349339.0,79728.0,21,4178.0,9,35.8,88.0,22.0,8.6,7,4595,8,61.6,Mobile App
CUST01625,24,Male,Delhi,2022-01-05,1096619.0,57509.0,19,3485.0,57,58.4,78.0,7.0,16.4,7,4323,57,57.5,Website
CUST01966,27,Male,Pune,2019-11-12,2724629.0,123703.0,25,5060.0,22,2.2,64.8,15.0,8.2,10,6406,83,57.9,Website
CUST01963,40,Female,Mumbai,2024-08-01,1034886.0,43798.0,27,1803.0,30,42.2,86.8,20.0,9.1,5,3344,25,94.5,Mobile App
CUST00611,28,Female,Chennai,2025-01-12,1200642.0,71026.0,31,1710.0,23,38.9,86.9,11.0,5.6,11,4034,20,60.7,Mobile App
CUST00433,24,Male,Hyderabad,2022-07-15,2264652.0,70966.0,6,11723.0,3,16.0,25.2,7.0,3.0,6,3067,50,14.5,Store
CUST01492,40,Female,Ahmedabad,2021-06-07,440225.0,23517.0,6,2958.0,161,19.6,65.6,4.0,9.8,2,951,64,1.2,Mobile App
CUST00219,61,Male,Kolkata,2021-08-16,1295353.0,3000.0,2,1348.0,159,14.3,46.0,4.0,0.0,4,0,61,7.1,Website
CUST01931,23,Female,Ahmedabad,2023-07-25,1251933.0,77799.0,18,3651.0,21,50.0,100.0,29.0,5.6,9,3432,38,44.6,Mobile App
CUST01466,56,Male,Chennai,2022-03-30,1679400.0,113678.0,8,16524.0,105,13.9,0.0,3.0,6.3,7,4973,54,19.5,Website
CUST00631,48,Female,Mumbai,2021-09-10,626444.0,41274.0,2,24885.0,112,44.6,57.7,6.0,13.1,2,3081,61,28.8,Store
CUST01382,50,Female,Delhi,2021-01-30,2424493.0,108061.0,39,2534.0,11,7.1,67.7,17.0,5.2,10,5653,68,86.0,Mobile App
CUST01302,28,Male,Pune,2023-06-18,1203535.0,75719.0,20,3921.0,6,43.5,85.4,29.0,0.0,3,3835,39,41.3,Mobile App
CUST00060,44,Male,Chennai,2022-10-20,,173774.0,21,8248.0,11,14.1,44.7,15.0,0.2,11,7917,47,85.5,Website
CUST00299,43,Male,Mumbai,2025-06-04,1673467.0,107283.0,7,12640.0,37,9.1,27.6,5.0,1.7,5,4102,15,5.9,Store
CUST01711,63,Male,Mumbai,2020-09-07,2558316.0,139455.0,7,22225.0,54,19.5,51.6,2.0,6.2,2,5303,73,21.9,Website
CUST00074,33,Male,Hyderabad,2022-11-03,1125224.0,32473.0,17,2145.0,31,69.0,54.7,19.0,7.5,8,2437,47,62.9,Store
CUST00163,38,Male,Delhi,2022-07-09,1036211.0,50592.0,23,2202.0,19,83.5,56.2,4.0,10.3,7,2802,50,74.3,Mobile App
CUST01275,33,Female,Kolkata,2020-08-26,1769469.0,104285.0,28,3263.0,13,11.3,51.8,15.0,9.9,8,5356,73,45.6,Mobile App
CUST01594,35,Female,Delhi,2021-12-19,1026495.0,33757.0,19,1899.0,21,49.5,86.0,7.0,10.1,10,3109,57,45.7,Mobile App
CUST01434,47,Male,Mumbai,2020-11-19,1859214.0,116899.0,28,4365.0,13,15.1,100.0,10.0,14.7,5,6402,70,37.1,Website
CUST01613,75,Male,Hyderabad,2021-03-16,2142012.0,74520.0,6,11003.0,63,6.2,62.2,8.0,5.5,6,2850,67,13.1,Mobile App
CUST00592,50,Female,Ahmedabad,2024-03-18,1146748.0,59265.0,15,4570.0,15,29.4,86.5,29.0,9.6,8,3157,30,50.5,Website
CUST00317,28,Male,Chennai,2024-01-14,892609.0,43018.0,15,2827.0,48,73.5,57.1,15.0,0.0,5,2446,32,55.2,Store
CUST00046,27,Female,Pune,2025-10-19,961495.0,34899.0,2,17826.0,85,32.5,36.5,1.0,7.0,6,2263,11,1.5,Website
CUST01720,41,Male,Chennai,2023-02-23,637995.0,23562.0,4,5874.0,159,65.0,29.2,2.0,6.1,5,1943,43,23.1,Store
CUST01832,18,Male,Kolkata,2022-02-21,1129103.0,5109.0,3,1473.0,127,40.7,41.3,5.0,7.4,4,1509,55,3.5,Store
CUST00428,35,Female,Chennai,2026-07-21,1267175.0,37702.0,3,11225.0,171,53.2,30.7,2.0,13.3,2,530,1,0.3,Store
CUST00582,33,Male,Chennai,2024-08-27,840441.0,59463.0,13,4402.0,13,27.7,82.7,32.0,12.1,7,2325,25,55.0,Website
CUST00077,38,Female,Pune,2022-12-26,630609.0,31752.0,22,1475.0,49,87.8,64.2,6.0,13.8,5,2023,45,58.3,Mobile App
CUST01917,35,Female,Bengaluru,2021-07-07,947542.0,79054.0,25,3440.0,10,54.6,82.4,34.0,6.7,6,4874,63,59.2,Mobile App
CUST01415,64,Female,Kolkata,2018-10-06,2181995.0,110396.0,27,4422.0,1,0.0,42.6,17.0,9.8,7,6218,96,43.7,Website
CUST00781,30,Female,Chennai,2026-05-30,910900.0,57167.0,23,2173.0,54,89.9,65.4,10.0,6.3,4,2251,3,78.2,Website
CUST01920,38,Female,Chennai,2021-12-12,1060562.0,38090.0,5,8529.0,223,47.9,26.9,3.0,6.8,1,2729,57,17.9,Website
CUST01174,36,Male,Mumbai,2021-10-13,1453885.0,116394.0,8,16384.0,29,26.8,23.6,7.0,5.5,3,5091,59,10.5,Store
CUST01320,37,Female,Bengaluru,2023-01-18,1275510.0,43977.0,5,10029.0,282,86.5,54.2,3.0,13.4,5,1980,44,7.6,Store
CUST00938,33,Female,Chennai,2021-03-09,1365828.0,153107.0,27,5214.0,9,15.9,50.1,11.0,2.4,9,6956,67,77.8,Store
CUST00031,39,Male,Chennai,2024-01-15,1835548.0,91785.0,9,11008.0,1,,32.8,5.0,5.0,5,3979,32,28.5,Store
CUST01092,23,Male,Pune,2020-11-22,601444.0,91262.0,24,3840.0,14,37.8,94.4,22.0,5.7,6,5517,70,64.3,Website
CUST01616,35,Female,Delhi,2026-01-21,994049.0,87878.0,15,4998.0,18,76.3,71.3,17.0,6.3,4,3748,7,47.5,Store
CUST01230,42,Female,Pune,2022-08-03,2105612.0,151205.0,23,7168.0,11,5.1,19.3,11.0,7.5,8,7038,50,55.8,Store
CUST00975,31,Female,Mumbai,2026-08-10,1197882.0,49700.0,12,3730.0,28,85.6,62.0,12.0,14.3,4,2162,1,55.2,Website
CUST01085,29,Female,Ahmedabad,2023-10-03,1487729.0,44647.0,5,7424.0,124,56.3,22.4,2.0,4.2,2,2577,35,0.2,Store
CUST00515,31,Male,Pune,2022-01-03,782032.0,64464.0,25,2744.0,15,97.1,74.0,15.0,10.2,3,3848,57,31.3,Website
CUST01551,54,Female,Kolkata,2023-08-02,1445178.0,125622.0,25,3888.0,8,0.8,65.7,17.0,1.9,11,5879,38,58.9,Website
CUST01568,40,Male,Mumbai,2021-09-02,1602151.0,93511.0,27,2909.0,14,18.6,77.3,10.0,2.9,7,5195,61,58.9,Website
CUST01811,27,Male,Ahmedabad,2021-10-30,1119776.0,46474.0,10,5413.0,25,76.4,80.5,17.0,4.3,5,2234,59,95.5,Website
CUST01574,43,Female,Bengaluru,2022-09-28,1288038.0,5077.0,9,554.0,212,14.1,29.1,3.0,3.8,1,432,48,5.5,Store
CUST00045,51,Female,Mumbai,2023-03-03,1315150.0,24109.0,5,5053.0,161,0.0,52.0,3.0,7.7,4,1446,43,1.7,Store
CUST01687,25,Male,Hyderabad,2026-01-07,1225289.0,53627.0,30,1743.0,22,43.1,96.3,38.0,5.2,7,3400,8,49.7,Mobile App
CUST00169,43,Male,Kolkata,2024-07-08,733659.0,45609.0,18,2699.0,23,73.8,82.5,11.0,2.4,10,2647,26,59.5,Mobile App
CUST00304,37,Male,Bengaluru,2026-05-22,1059466.0,85763.0,26,3264.0,9,25.0,87.6,33.0,6.8,5,4360,3,61.3,Website
CUST00991,31,Male,Pune,2024-09-26,1117180.0,44205.0,31,1603.0,18,43.8,76.1,27.0,6.5,8,2739,23,44.3,Website
CUST00556,25,Male,Mumbai,2022-06-05,761067.0,60058.0,17,3411.0,6,96.8,47.9,18.0,3.2,7,2297,52,60.3,Website
CUST01925,39,Female,Delhi,2025-03-25,302498.0,71806.0,17,4880.0,35,82.4,80.3,23.0,5.1,6,3985,18,66.5,Mobile App
CUST00608,36,Male,Delhi,2020-08-17,1615394.0,149811.0,32,4160.0,21,8.4,49.1,19.0,5.4,8,7274,74,46.1,Store
CUST01619,42,Male,Ahmedabad,2026-04-21,1055141.0,33576.0,7,3929.0,234,31.3,47.2,6.0,0.0,2,1256,4,0.0,Store
CUST00758,41,Other,Ahmedabad,2026-08-02,,16431.0,3,5217.0,126,62.8,50.6,5.0,11.1,2,343,1,3.7,Store
CUST00439,39,Female,Pune,2018-01-14,3067370.0,127248.0,6,20545.0,67,19.8,59.5,7.0,2.0,4,5833,105,31.5,Website
CUST00583,43,Female,Bengaluru,2021-08-21,1894666.0,86879.0,30,2897.0,22,29.9,51.0,17.0,13.5,8,4299,61,40.2,Website
CUST01519,47,Female,Pune,2022-03-12,1718375.0,114738.0,21,5006.0,12,14.3,64.1,19.0,0.8,5,4737,54,39.7,Store
CUST00528,38,Female,Chennai,2021-06-01,1193578.0,3427.0,4,804.0,153,71.5,54.9,1.0,5.2,5,694,64,3.7,Store
CUST00343,47,Male,Delhi,2022-08-08,250000.0,26397.0,1,25679.0,169,58.4,59.3,0.0,1.0,2,1524,50,0.0,Store
CUST01737,22,Female,Kolkata,2023-01-01,250000.0,28432.0,7,4097.0,98,36.0,14.1,5.0,11.0,3,1796,45,7.8,Website
CUST00368,71,Male,Delhi,2021-03-04,2946361.0,104054.0,4,21762.0,28,13.9,28.3,4.0,3.0,4,4278,67,10.7,Store
CUST00186,23,Female,Hyderabad,2022-10-24,879815.0,44148.0,32,1430.0,5,40.2,82.6,27.0,9.0,6,2850,47,85.0,Mobile App
CUST01117,48,Female,Chennai,2020-07-05,1410329.0,119365.0,26,4033.0,5,0.0,39.5,16.0,6.5,9,6135,75,45.6,Mobile App
CUST01755,30,Male,Chennai,2023-07-27,491207.0,71819.0,23,2592.0,10,76.1,83.5,18.0,5.5,8,1724,38,73.8,Mobile App
CUST01426,22,Female,Chennai,2022-08-16,835351.0,60535.0,19,2848.0,7,95.1,63.2,14.0,5.7,8,3912,49,72.7,Store
CUST00301,45,Male,Pune,2021-12-07,3308184.0,107354.0,5,20287.0,1,5.9,53.1,4.0,7.3,2,5455,58,44.1,Store
CUST01904,43,Female,Bengaluru,2023-06-19,1800562.0,103605.0,30,3132.0,1,3.0,28.8,,3.5,7,4686,39,75.5,Store
CUST00833,45,Male,Bengaluru,2025-04-24,421023.0,60230.0,15,4367.0,29,73.8,55.4,11.0,4.7,8,3725,17,64.0,Store
CUST00544,34,Male,Chennai,2026-06-18,634836.0,8212.0,5,1365.0,92,34.7,24.1,5.0,4.9,4,315,2,13.2,Store
CUST01601,29,Male,Chennai,2021-07-23,620984.0,39006.0,6,8089.0,193,47.1,58.3,1.0,7.0,3,2288,62,,Website
CUST00351,33,Female,Kolkata,2026-01-03,856176.0,83663.0,19,4853.0,18,34.8,100.0,19.0,1.1,6,3845,8,25.9,Website
CUST01933,38,Female,Chennai,2021-05-15,1176856.0,125439.0,6,22391.0,42,12.7,54.5,9.0,9.3,5,4469,65,8.7,Store
CUST01511,45,Female,Ahmedabad,2020-05-03,1241146.0,104017.0,22,4260.0,8,15.8,38.1,13.0,8.4,7,4803,77,29.8,Website
CUST00979,23,Female,Delhi,2025-11-20,986990.0,99599.0,12,7850.0,13,20.1,90.6,24.0,9.4,8,4467,9,38.6,Mobile App
CUST00176,27,Female,Delhi,2019-05-29,1776896.0,132030.0,32,3959.0,21,17.8,61.4,8.0,0.8,10,7293,88,59.8,Website
CUST00483,27,Female,Bengaluru,2021-03-20,1281362.0,111473.0,17,6439.0,5,24.6,85.9,22.0,10.3,6,5011,66,54.7,Mobile App
CUST01413,48,Male,Kolkata,2023-01-23,719210.0,18642.0,4,5313.0,112,58.6,33.9,4.0,6.5,2,1435,44,17.8,Store
CUST01611,30,Female,Chennai,2023-10-10,676494.0,47760.0,27,1900.0,1,73.0,87.4,14.0,0.8,9,3730,35,34.2,Website
CUST00124,33,Female,Chennai,2023-07-01,873966.0,49732.0,18,2284.0,23,62.4,62.3,12.0,6.2,6,3062,39,81.3,Website
CUST00600,32,Female,Bengaluru,2024-02-29,1517164.0,55957.0,22,2836.0,4,23.9,91.9,27.0,1.8,7,3201,31,56.9,Mobile App
CUST01795,23,Male,Pune,2024-10-10,594155.0,11879.0,4,2696.0,125,30.4,48.1,2.0,8.0,1,0,23,30.4,Store
CUST01746,31,Male,Pune,2024-11-15,1468739.0,45497.0,19,2449.0,9,36.9,100.0,20.0,4.9,7,2500,22,31.3,Website
CUST01379,28,Male,Delhi,2021-10-23,900198.0,109442.0,16,7833.0,11,31.9,87.4,31.0,5.2,5,5117,59,12.9,Mobile App
CUST01186,57,Male,Delhi,2023-10-27,680176.0,21525.0,8,2765.0,177,49.7,35.6,4.0,7.8,1,934,35,,Store
CUST00486,43,Female,Ahmedabad,2024-02-11,614927.0,41231.0,18,1812.0,23,83.9,47.7,11.0,7.9,6,2277,31,67.0,Website
CUST00332,42,Female,Hyderabad,2024-05-11,892307.0,48694.0,26,1765.0,14,78.7,72.5,10.0,5.0,5,3231,28,46.1,Store
CUST00789,49,Male,Mumbai,2020-12-21,1985569.0,120178.0,4,28956.0,55,0.0,65.4,5.0,6.0,5,4457,69,27.9,Store
CUST00195,36,Female,Bengaluru,2021-01-10,1716475.0,146222.0,24,6669.0,10,17.8,77.0,16.0,14.7,10,7462,69,41.9,Mobile App
CUST00638,66,Female,Delhi,2022-11-10,2080967.0,58014.0,9,7530.0,30,8.9,35.4,3.0,3.6,4,3155,46,2.5,Website
CUST00472,43,Female,Bengaluru,2023-05-31,817967.0,80249.0,26,3367.0,17,29.4,100.0,27.0,7.5,4,4416,40,43.8,Mobile App
CUST01714,25,Male,Pune,2023-04-24,864997.0,21171.0,4,5928.0,106,23.7,5.8,2.0,8.7,3,1004,41,1.9,Store
CUST00323,50,Male,Ahmedabad,2025-01-21,464854.0,38333.0,32,1159.0,38,51.3,54.5,0.0,10.2,8,2066,20,60.9,Website
CUST01197,33,Female,Bengaluru,2025-02-14,750522.0,46560.0,19,2539.0,15,77.0,86.7,7.0,0.0,8,2319,19,62.3,Mobile App
CUST00267,38,Male,Mumbai,2022-04-27,844356.0,42035.0,19,2283.0,5,69.5,81.3,19.0,13.8,5,3086,53,69.2,Mobile App
CUST01544,62,Female,Hyderabad,2021-03-25,1913725.0,69413.0,29,2141.0,10,0.0,88.6,22.0,2.3,6,3905,66,41.7,Mobile App
CUST01804,56,Male,Mumbai,2020-12-06,2395041.0,136313.0,6,23485.0,27,22.0,79.6,8.0,0.0,3,6720,70,45.6,Store
CUST00068,27,Female,Mumbai,2021-10-19,1324814.0,34993.0,25,1289.0,25,98.2,75.6,8.0,6.4,8,3200,59,66.9,Website
CUST01738,40,Male,Bengaluru,2023-05-03,837500.0,15206.0,15,892.0,22,72.3,39.4,15.0,7.5,5,1423,41,66.9,Mobile App
CUST01593,59,Female,Ahmedabad,2022-08-16,1236056.0,34304.0,4,7017.0,207,24.9,0.0,1.0,5.0,3,1437,49,5.8,Website
CUST01564,37,Male,Bengaluru,2024-10-18,1897706.0,14335.0,7,1814.0,192,56.9,61.0,1.0,7.2,6,979,23,15.6,Mobile App
CUST00481,23,Female,Bengaluru,2024-06-06,250000.0,77948.0,26,3139.0,45,75.6,37.1,12.0,18.0,6,4079,27,41.6,Store
CUST01757,38,Male,Chennai,2019-08-05,1673337.0,158821.0,25,6728.0,7,4.9,58.6,7.0,4.8,9,7049,86,42.7,Store
CUST01913,41,Female,Kolkata,2023-10-05,967510.0,21959.0,2,10413.0,122,44.3,77.6,4.0,16.8,1,757,35,30.7,Store
CUST01441,44,Male,Mumbai,2023-08-19,1114875.0,42236.0,23,1938.0,27,53.6,75.5,9.0,0.6,7,3198,37,89.1,Website
CUST01461,40,Female,Chennai,2022-02-20,2761119.0,87144.0,6,14586.0,35,19.5,23.5,8.0,3.2,5,3365,55,36.2,Store
CUST00888,47,Female,Mumbai,2019-04-26,2660913.0,141720.0,25,5125.0,24,13.7,57.5,21.0,2.2,12,6413,90,51.9,Website
CUST00423,40,Male,Chennai,2020-09-07,2284096.0,113828.0,27,4952.0,12,15.2,44.3,16.0,2.5,9,5724,73,34.5,Website
CUST01675,57,Male,Chennai,2025-02-23,2969891.0,142603.0,6,28160.0,63,11.4,12.1,5.0,7.6,2,4681,18,3.9,Website
CUST01450,27,Male,Pune,2022-05-08,507977.0,38804.0,19,2345.0,32,55.3,55.0,4.0,6.0,6,2150,53,36.2,Store
CUST00765,43,Male,Chennai,2025-04-19,571382.0,25711.0,10,2610.0,171,34.7,39.7,0.0,16.7,3,1951,17,2.9,Website
CUST00520,23,Male,Mumbai,2025-11-26,440762.0,10025.0,5,1961.0,212,47.5,60.3,2.0,8.2,1,478,9,0.0,Mobile App
CUST01432,35,Female,Kolkata,2025-10-19,1219719.0,87564.0,18,4913.0,7,40.6,100.0,46.0,8.6,6,2512,11,33.5,Mobile App
CUST00614,44,Male,Chennai,2026-02-01,965268.0,27473.0,7,3288.0,78,47.5,40.8,2.0,15.8,2,368,7,19.2,Store
CUST01531,32,Other,Bengaluru,2023-05-11,,60604.0,16,3252.0,7,64.3,47.7,13.0,2.6,9,2776,40,69.1,Website
CUST01783,30,Female,Hyderabad,2025-12-29,1173712.0,66681.0,17,4060.0,6,68.3,44.1,24.0,6.3,7,4001,8,79.0,Store
CUST01659,25,Female,Chennai,2024-01-05,981783.0,81422.0,26,3428.0,35,45.1,31.4,18.0,17.1,7,4844,32,88.3,Store
CUST00454,45,Male,Pune,2018-03-27,1551373.0,130288.0,27,5099.0,23,11.3,74.8,1.0,5.6,10,6683,103,66.0,Store
CUST00731,51,Male,Chennai,2022-02-13,817150.0,71965.0,10,9518.0,13,69.5,77.7,17.0,6.5,8,3431,55,57.3,Mobile App
CUST00535,58,Female,Pune,2022-09-11,1111846.0,136597.0,30,4842.0,16,23.5,94.6,14.0,7.0,8,6623,48,59.1,Mobile App
CUST00966,39,Female,Hyderabad,2023-11-14,589676.0,48504.0,15,3778.0,1,26.0,89.7,16.0,6.0,9,2480,34,46.3,Website
CUST01285,48,Male,Delhi,2018-09-12,1260698.0,14856.0,1,11600.0,198,47.7,80.4,0.0,6.4,2,1789,97,32.3,Mobile App
CUST01740,43,Male,Ahmedabad,2022-12-01,1728182.0,68545.0,7,10377.0,61,16.7,41.7,4.0,5.5,4,2314,46,40.1,Mobile App
CUST00262,29,Female,Pune,2022-04-09,1463815.0,28245.0,9,2969.0,145,45.3,29.8,3.0,0.0,4,1378,54,11.5,Store
CUST00536,26,Female,Hyderabad,2021-08-22,931520.0,58272.0,23,2273.0,41,67.1,93.0,12.0,9.2,6,3575,61,85.6,Website
CUST00969,21,Male,Ahmedabad,2025-03-17,581676.0,91427.0,18,5282.0,12,41.5,93.1,,8.5,7,4090,18,34.4,Mobile App
CUST00241,29,Female,Ahmedabad,2021-12-05,1259076.0,6888.0,7,964.0,128,41.3,5.7,3.0,11.7,1,1447,58,12.8,Store
CUST00820,18,Other,Delhi,2022-10-21,854719.0,33919.0,18,2171.0,27,79.6,68.2,10.0,9.3,7,1714,47,66.5,Website
CUST00693,48,Female,Delhi,2021-07-27,989570.0,37360.0,20,2346.0,1,92.4,55.8,9.0,9.5,6,2932,62,79.1,Website
CUST00421,32,Male,Hyderabad,2023-07-29,1415274.0,58028.0,27,2383.0,8,53.7,80.3,21.0,10.3,2,3334,38,65.0,Mobile App
CUST01086,57,Male,Kolkata,2021-08-22,1888688.0,138719.0,6,21560.0,33,1.2,85.5,8.0,6.6,7,5981,61,46.9,Mobile App
CUST01999,66,Female,Pune,2022-03-21,1285081.0,3000.0,6,431.0,68,30.7,56.7,6.0,16.1,3,1720,54,24.1,Store
CUST00366,26,Male,Kolkata,2022-08-21,795385.0,32574.0,13,2700.0,31,81.8,46.1,16.0,11.3,9,2607,49,83.9,Website
CUST01023,27,Female,Chennai,2024-03-29,1022094.0,26431.0,5,4788.0,85,40.3,23.1,,11.4,3,617,30,31.0,Store
CUST01241,45,Female,Delhi,2018-03-10,369654.0,28244.0,3,9506.0,166,41.4,71.7,3.0,4.4,4,1530,103,18.7,Store
CUST00589,18,Male,Ahmedabad,2023-09-17,787464.0,48156.0,10,4773.0,24,49.2,58.7,14.0,9.5,5,2452,36,56.2,Website
CUST00737,24,Male,Hyderabad,2024-09-11,1143120.0,54164.0,15,3506.0,3,62.4,84.0,16.0,9.9,6,2391,24,36.0,Mobile App
CUST01762,55,Male,Delhi,2025-07-24,2288824.0,121422.0,20,5303.0,19,5.1,57.2,22.0,9.2,7,5369,13,37.5,Mobile App
CUST00942,35,Male,Mumbai,2025-08-01,1440769.0,3000.0,5,688.0,195,64.9,60.2,4.0,1.8,5,187,13,1.7,Website
CUST00072,34,Male,Delhi,2021-11-02,992133.0,60322.0,21,2650.0,39,78.1,49.2,10.0,4.4,4,3547,59,78.3,Mobile App
CUST01408,50,Male,Chennai,2020-10-15,2439589.0,99221.0,33,2314.0,18,14.7,56.1,14.0,5.1,6,6328,72,55.9,Website
CUST00260,18,Female,Bengaluru,2025-06-29,549290.0,76828.0,15,5894.0,16,34.4,90.3,21.0,9.5,5,3358,14,,Website
CUST00052,45,Female,Delhi,2019-10-20,2104190.0,99220.0,27,3624.0,4,24.9,92.6,7.0,12.5,6,5606,84,69.6,Website
CUST00199,36,Male,Kolkata,2022-05-03,769088.0,72265.0,22,2898.0,1,61.6,73.9,12.0,8.9,8,4069,53,87.9,Website
CUST01789,48,Female,Delhi,2023-09-08,782879.0,9452.0,7,1529.0,159,30.8,44.1,3.0,10.7,6,462,36,9.0,Mobile App
CUST00651,33,Other,Mumbai,2022-08-29,811654.0,62387.0,15,3925.0,1,77.7,37.3,14.0,5.2,8,3198,49,74.2,Store
CUST00333,54,Female,Ahmedabad,2020-03-30,1965109.0,118592.0,6,19308.0,1,17.0,41.6,10.0,3.9,6,5603,78,37.3,Website
CUST01360,49,Female,Pune,2021-06-15,941479.0,96819.0,30,3309.0,10,18.8,30.2,13.0,4.1,8,5928,63,62.0,Store
CUST00594,35,Male,Mumbai,2025-10-31,974732.0,62407.0,23,2671.0,14,44.9,85.5,,5.8,7,2920,10,25.8,Mobile App
CUST01392,35,Female,Bengaluru,2025-01-04,1498797.0,11254.0,5,2421.0,326,44.5,71.4,6.0,10.9,5,1750,20,10.6,Mobile App
CUST01801,27,Female,Bengaluru,2024-04-22,1265037.0,44504.0,22,2255.0,9,32.9,99.4,36.0,10.6,6,2528,29,53.5,Mobile App
CUST01315,35,Male,Mumbai,2021-12-17,1252674.0,121589.0,24,4780.0,4,17.2,62.6,13.0,3.1,7,6520,57,63.8,Website
CUST01112,26,Female,Pune,2023-06-22,1123715.0,43327.0,17,2279.0,32,86.5,53.0,19.0,14.3,5,2496,39,60.9,Mobile App
CUST01007,33,Male,Bengaluru,2026-06-05,583809.0,16097.0,5,3182.0,272,39.2,21.3,5.0,16.0,1,0,3,21.0,Website
CUST01327,34,Female,Kolkata,2023-09-17,943012.0,39896.0,28,1407.0,22,73.9,52.9,8.0,8.4,6,2901,36,92.8,Store
CUST00427,51,Male,Pune,2019-09-16,971949.0,38841.0,16,2758.0,23,85.1,46.0,12.0,10.0,5,3354,85,71.5,Store
CUST01559,25,Male,Mumbai,2026-02-16,1367699.0,54442.0,17,3154.0,6,33.8,88.3,40.0,8.1,5,3802,7,54.5,Mobile App
CUST01294,33,Female,Mumbai,2023-02-25,3054852.5,53238.0,18,2820.0,20,72.7,89.5,10.0,20.3,5,3708,43,76.6,Mobile App
CUST00591,47,Male,Ahmedabad,2021-10-13,1558927.0,21029.0,5,4200.0,158,70.8,45.1,2.0,11.5,2,1715,59,15.7,Mobile App
CUST01958,33,Female,Kolkata,2020-05-19,1038422.0,121530.0,30,3827.0,8,21.1,91.2,5.0,3.8,3,6793,77,44.8,Website
CUST01977,29,Female,Kolkata,2022-01-24,1818603.0,51593.0,17,2925.0,16,29.5,94.0,22.0,9.3,8,3321,56,40.2,Mobile App
CUST01133,51,Female,Kolkata,2020-01-03,1434104.0,128514.0,28,4452.0,1,13.9,33.8,12.0,9.3,11,5931,81,71.5,Store
CUST00986,58,Male,Hyderabad,2023-06-12,1218372.0,16127.0,3,5720.0,36,28.7,78.9,0.0,11.4,3,745,39,3.7,Store
CUST00399,27,Female,Pune,2022-08-30,1277638.0,52950.0,21,2473.0,2,,97.7,31.0,11.7,6,2583,49,26.2,Mobile App
CUST01512,18,Female,Chennai,2025-06-05,1145303.0,65174.0,20,3280.0,28,96.3,100.0,12.0,9.8,5,2495,15,74.9,Mobile App
CUST00437,50,Female,Chennai,2022-05-15,928820.0,126875.0,23,5245.0,6,14.1,37.9,16.0,4.4,7,5895,52,52.7,Website
CUST00193,28,Female,Pune,2020-07-28,1694272.0,88258.0,22,3822.0,6,2.6,64.8,19.0,3.4,7,5269,74,44.3,Store
CUST01436,45,Male,Chennai,2025-04-05,563122.0,35703.0,4,10091.0,219,30.3,27.6,6.0,4.2,1,1184,17,19.7,Website
CUST00615,30,Female,Hyderabad,2022-09-27,490054.0,34213.0,17,1705.0,27,77.7,56.7,14.0,9.8,7,2464,48,62.8,Website
CUST01494,39,Female,Hyderabad,2022-06-05,2151951.0,79581.0,7,11446.0,70,6.3,41.8,4.0,8.4,5,3429,52,29.1,Website
CUST00577,49,Male,Kolkata,2022-10-25,1083480.0,6210.0,3,1905.0,135,53.2,36.6,3.0,0.0,6,402,47,16.5,Website
CUST00987,39,Female,Bengaluru,2024-02-10,514018.0,59204.0,7,10584.0,12,72.3,14.7,9.0,4.6,5,2055,31,58.1,Website
CUST01433,40,Male,Mumbai,2020-04-29,1070121.0,151260.0,30,5034.0,16,0.0,49.2,17.0,4.9,8,6838,77,57.3,Website
CUST00707,67,Male,Kolkata,2020-06-19,2363516.0,121272.0,8,15259.0,23,43.9,23.2,4.0,1.2,6,5896,75,20.4,Website
CUST01259,36,Male,Mumbai,2023-07-15,660596.0,70597.0,26,2812.0,2,48.2,90.9,23.0,0.4,6,4532,38,60.2,Mobile App
CUST00142,26,Male,Delhi,2026-01-29,931902.0,76452.0,18,3098.0,7,39.3,95.6,26.0,2.4,7,3963,7,31.6,Mobile App
CUST01358,26,Female,Mumbai,2022-02-20,1529265.0,74482.0,20,3568.0,13,32.1,100.0,18.0,11.3,8,4456,55,58.1,Mobile App
CUST00003,24,Other,Bengaluru,2018-01-15,1036754.0,27453.0,5,6127.0,127,44.6,54.0,4.0,7.5,2,2242,105,7.9,Store
CUST01222,24,Male,Mumbai,2022-03-26,902460.0,55290.0,17,3187.0,8,69.8,98.7,11.0,10.7,1,2876,54,,Mobile App
CUST01870,55,Male,Bengaluru,2023-04-09,1265747.0,21216.0,7,3187.0,90,35.1,53.8,5.0,0.0,1,1175,41,1.0,Store
CUST01623,32,Female,Ahmedabad,2025-03-02,1280759.0,27651.0,5,6546.0,127,19.7,34.4,2.0,10.1,5,1517,18,41.7,Website
CUST00340,43,Male,Delhi,2024-02-01,735460.0,10618.0,6,1943.0,13,60.1,31.0,5.0,5.0,4,738,31,10.0,Store
CUST01770,46,Male,Delhi,2024-07-31,966139.0,25233.0,5,5076.0,280,46.1,51.3,4.0,9.7,6,1230,25,8.6,Website
CUST01537,41,Female,Delhi,2022-07-30,2273989.0,86993.0,6,16904.0,42,19.1,37.6,3.0,7.6,4,3514,50,0.0,Mobile App
CUST00484,21,Male,Hyderabad,2022-10-20,696198.0,62244.0,24,3023.0,23,80.4,63.5,17.0,3.3,2,3694,47,52.9,Website
CUST00266,51,Male,Bengaluru,2018-07-31,2291792.0,144590.0,34,4563.0,8,13.2,80.3,15.0,5.1,11,8106,98,54.9,Mobile App
CUST00377,46,Female,Ahmedabad,2021-09-12,1067866.0,3000.0,9,354.0,185,55.5,41.7,0.0,12.0,2,602,60,10.0,Mobile App
CUST00742,64,Male,Pune,2022-05-19,1384478.0,93410.0,28,2680.0,6,5.1,75.9,17.0,3.8,8,4655,52,54.1,Mobile App
CUST01014,52,Female,Bengaluru,2023-10-28,674140.0,3000.0,6,502.0,71,50.8,39.7,1.0,5.4,4,700,35,8.8,Store
CUST00440,35,Male,Hyderabad,2024-01-26,1179168.0,57512.0,24,2377.0,5,30.0,100.0,16.0,10.8,5,2986,32,89.1,Mobile App
CUST00272,40,Female,Delhi,2026-07-22,1656807.0,86040.0,30,3102.0,11,19.4,50.2,15.0,4.9,11,3826,1,40.6,Website
CUST00185,60,Female,Hyderabad,2023-07-04,2013101.0,103535.0,10,10009.0,29,,42.8,7.0,4.2,5,4427,38,14.2,Mobile App
CUST00940,35,Female,Mumbai,2022-04-05,2084943.0,163213.0,33,4929.0,1,6.1,58.1,22.0,3.8,4,7745,54,50.8,Website
CUST00245,18,Male,Hyderabad,2025-12-05,1208637.0,50177.0,17,2465.0,9,44.1,97.0,40.0,4.3,7,2825,9,42.6,Website
CUST00932,43,Female,Ahmedabad,2024-08-03,696634.0,68888.0,22,3203.0,24,67.0,66.9,21.0,3.5,4,4080,25,61.8,Website
CUST00446,42,Female,Ahmedabad,2025-07-27,2618036.0,76397.0,4,19948.0,39,6.3,56.6,6.0,0.0,4,3883,13,37.7,Website
CUST00597,51,Female,Delhi,2018-10-12,1664635.0,103291.0,6,18238.0,47,27.9,45.0,2.0,4.3,8,5119,96,0.0,Store
CUST00818,33,Other,Mumbai,2022-11-02,1398547.0,62153.0,18,3673.0,5,14.7,84.4,22.0,8.8,7,3623,47,33.3,Mobile App
CUST01273,34,Male,Chennai,2023-09-19,511243.0,65613.0,12,4521.0,22,87.9,97.2,10.0,14.0,8,3383,36,88.0,Website
CUST01677,43,Female,Hyderabad,2021-12-10,2198890.0,92956.0,6,17165.0,5,16.0,100.0,5.0,8.1,5,4200,58,48.6,Mobile App
CUST00487,28,Female,Mumbai,2023-01-16,959330.0,77538.0,15,4859.0,12,32.7,99.5,29.0,2.3,6,3736,44,28.8,Mobile App
CUST00681,37,Female,Hyderabad,2022-02-27,1858527.0,120608.0,20,6123.0,5,8.9,53.6,17.0,8.8,6,5263,55,43.5,Store
CUST00416,37,Male,Mumbai,2026-08-08,327041.0,43045.0,20,2202.0,8,48.2,68.7,15.0,15.4,5,2782,1,53.0,Store
CUST00274,40,Male,Delhi,2023-12-17,755560.0,61751.0,22,3004.0,12,11.1,80.8,30.0,0.0,6,3232,33,54.7,Mobile App
CUST01472,43,Male,Ahmedabad,2023-03-01,1432465.0,48328.0,20,3213.0,25,74.1,73.4,7.0,18.8,5,2718,43,71.6,Mobile App
CUST01830,22,Female,Kolkata,2022-04-26,996201.0,95179.0,19,5646.0,1,25.9,95.7,20.0,6.2,5,3797,53,36.9,Mobile App
CUST01455,35,Female,Mumbai,2024-10-06,913385.0,45489.0,19,2249.0,38,51.2,85.5,10.0,9.7,4,3225,23,52.4,Website
CUST00251,27,Female,Mumbai,2024-07-04,1402906.0,43874.0,23,1923.0,12,56.3,90.4,26.0,10.4,4,3202,26,40.7,Mobile App
CUST00414,60,Male,Mumbai,2021-01-23,595210.0,39520.0,1,37774.0,61,35.5,71.5,6.0,13.7,1,938,68,16.6,Store
CUST01386,37,Male,Ahmedabad,2019-10-04,1762939.0,166337.0,28,5864.0,14,15.9,58.9,16.0,4.3,7,7515,84,25.7,Store
CUST01308,35,Female,Chennai,2026-04-12,1376149.0,51441.0,18,2351.0,21,35.7,91.7,33.0,9.0,8,2381,5,38.0,Mobile App
CUST00716,35,Male,Pune,2020-01-29,861750.0,71445.0,14,5118.0,15,88.3,70.6,11.0,0.5,1,3945,80,72.6,Website
CUST00311,35,Male,Bengaluru,2024-08-23,1321684.0,79676.0,22,3394.0,14,23.4,100.0,32.0,4.2,7,3770,25,29.9,Website
CUST00927,25,Male,Delhi,2020-09-03,2161883.0,107675.0,21,5631.0,20,15.9,62.2,26.0,6.9,7,5438,73,50.7,Website
CUST00382,35,Female,Ahmedabad,2021-04-13,1305684.0,18073.0,6,3077.0,120,56.4,47.5,0.0,14.1,3,973,66,18.2,Website
CUST01566,35,Male,Kolkata,2024-03-30,1286539.0,29661.0,21,1207.0,22,50.7,89.3,35.0,2.1,8,2780,30,92.2,Mobile App
CUST00426,29,Female,Bengaluru,2019-03-31,928342.0,24478.0,5,4790.0,253,23.5,54.7,4.0,9.2,3,1434,90,6.4,Mobile App
CUST01875,35,Female,Chennai,2023-08-27,840354.0,20722.0,8,2525.0,150,12.1,47.1,,7.0,2,623,37,17.3,Store
CUST00533,35,Male,Ahmedabad,2025-03-16,875735.0,53040.0,5,10372.0,53,57.6,94.3,21.0,13.3,6,1879,18,58.1,Mobile App
CUST00753,38,Male,Mumbai,2024-11-15,728217.0,48913.0,24,2384.0,25,59.3,61.3,17.0,18.4,10,3490,22,87.1,Mobile App
CUST00766,34,Male,Chennai,2020-12-17,1589539.0,168714.0,20,7695.0,8,18.7,61.9,11.0,7.9,10,7499,69,45.8,Store
CUST01357,29,Male,Kolkata,2024-10-06,876439.0,89437.0,11,8415.0,18,61.6,90.7,27.0,8.7,8,2855,23,31.9,Mobile App
CUST00409,39,Female,Hyderabad,2022-06-13,1268210.0,163199.0,29,5370.0,21,4.0,94.9,15.0,9.2,10,8156,51,47.3,Mobile App
CUST01615,42,Female,Bengaluru,2023-09-25,937942.0,3000.0,4,828.0,156,28.9,61.1,4.0,6.8,5,613,36,9.6,Store
CUST00695,35,Male,Kolkata,2024-09-15,1636621.0,14657.0,6,2755.0,197,61.3,14.4,2.0,9.8,6,1284,24,7.6,Website
CUST01739,37,Female,Pune,2023-05-16,935993.0,74286.0,34,2174.0,19,34.0,83.2,22.0,6.6,8,3950,40,53.2,Mobile App
CUST00549,52,Female,Hyderabad,2025-12-05,1391476.0,79772.0,6,9672.0,37,15.0,34.7,5.0,2.3,3,2446,9,30.0,Website
CUST00937,34,Male,Chennai,2026-07-31,660851.0,27679.0,6,4724.0,242,57.7,29.9,1.0,4.9,2,1647,1,7.1,Store
CUST01390,39,Male,Kolkata,2024-07-19,1665899.0,139695.0,25,4254.0,7,3.0,33.8,16.0,7.8,11,7684,26,64.3,Website
CUST01608,36,Male,Bengaluru,2022-11-11,1159765.0,65010.0,25,2390.0,29,65.9,59.0,8.0,2.4,7,3036,46,71.7,Store
CUST01940,46,Female,Mumbai,2022-07-03,1799680.0,143440.0,24,5735.0,21,1.1,45.1,15.0,5.5,5,6085,51,57.4,Mobile App
CUST01482,32,Male,Kolkata,2020-04-05,1411968.0,58198.0,25,2389.0,8,3.5,75.5,16.0,5.8,7,4166,78,74.4,Website
CUST00183,19,Female,Kolkata,2022-05-19,1313914.0,56119.0,14,3468.0,5,34.1,86.2,30.0,0.0,3,3008,52,62.5,Mobile App
CUST01941,26,Female,Bengaluru,2025-03-07,578472.0,44878.0,23,1774.0,39,63.1,68.8,13.0,8.7,7,2676,18,54.5,Mobile App
CUST01161,51,Female,Kolkata,2023-05-05,2330411.0,138874.0,19,7970.0,15,21.1,61.1,25.0,1.0,9,6936,40,70.9,Mobile App
CUST00171,18,Female,Mumbai,2025-03-25,567249.0,39826.0,10,3632.0,7,49.8,46.7,19.0,11.0,6,1966,18,45.0,Store
CUST00293,39,Female,Kolkata,2024-11-03,602430.0,22923.0,3,6693.0,103,16.7,20.5,6.0,3.6,4,1132,22,18.8,Store
CUST00562,18,Female,Delhi,2022-07-14,702083.0,83170.0,14,5375.0,6,62.0,86.9,12.0,5.9,9,4520,50,54.2,Website
CUST01457,18,Female,Bengaluru,2023-01-24,633435.0,26445.0,14,1854.0,18,84.0,62.2,10.0,1.3,4,2513,44,81.2,Store
CUST01877,30,Male,Hyderabad,2026-05-31,990234.0,50582.0,17,3073.0,44,55.0,64.1,15.0,4.7,7,2450,3,69.4,Store
CUST01652,21,Male,Kolkata,2024-01-14,848855.0,46365.0,15,2549.0,44,63.6,100.0,11.0,12.9,6,2740,32,58.5,Mobile App
CUST00850,30,Male,Chennai,2023-08-10,1261277.0,22220.0,7,3801.0,86,52.4,53.2,9.0,9.2,1,1012,37,26.0,Website
CUST00273,43,Female,Pune,2020-06-21,2082667.0,119093.0,25,4669.0,4,11.9,26.7,17.0,3.6,11,5707,75,72.6,Store
CUST01550,25,Female,Chennai,2022-10-06,979580.0,66243.0,24,3481.0,26,66.3,49.4,17.0,13.7,4,4244,48,100.0,Store
CUST01035,43,Other,Pune,2025-01-15,591908.0,52810.0,21,2263.0,26,83.4,55.9,10.0,12.5,4,2226,20,83.6,Website
CUST01744,46,Female,Ahmedabad,2021-05-04,1051384.0,23125.0,7,3223.0,220,48.1,37.0,2.0,10.0,6,470,65,16.9,Store
CUST00372,37,Male,Chennai,2022-11-17,870367.0,49546.0,17,2765.0,26,76.8,72.4,14.0,3.1,4,2661,46,90.1,Store
CUST01670,50,Female,Ahmedabad,2023-05-11,1524315.0,18625.0,4,4416.0,224,42.7,52.4,3.0,5.5,6,1575,40,6.4,Mobile App
CUST00722,33,Female,Ahmedabad,2025-06-04,1186588.0,67502.0,20,3747.0,8,29.6,100.0,20.0,12.7,8,3399,15,56.1,Website
CUST00734,30,Female,Chennai,2022-10-26,482750.0,47708.0,21,2254.0,33,60.8,37.6,24.0,10.6,4,1597,47,100.0,Store
CUST00778,42,Female,Mumbai,2020-12-12,2186112.0,142529.0,33,3004.0,14,20.8,64.0,7.0,7.2,8,6297,70,70.0,Website
CUST00519,50,Female,Chennai,2025-04-30,2319814.0,135403.0,22,5555.0,10,9.0,61.4,14.0,1.6,6,7017,16,8.2,Website
CUST00335,49,Female,Mumbai,2022-10-16,1724757.0,95858.0,36,2657.0,17,11.4,50.7,21.0,3.4,5,5223,47,74.9,Mobile App
CUST00846,47,Female,Ahmedabad,2026-08-10,1119820.0,21799.0,3,6570.0,301,63.7,73.8,3.0,9.6,5,1055,1,8.0,Mobile App
CUST01252,22,Male,Mumbai,2017-05-06,2029804.0,168912.0,21,7973.0,11,10.7,87.9,21.0,2.4,9,8017,113,45.6,Mobile App
CUST01053,41,Female,Chennai,2025-02-25,1205784.0,70007.0,20,3462.0,20,94.8,65.3,18.0,18.8,8,3848,18,49.4,Mobile App
CUST01924,18,Female,Bengaluru,2022-12-05,986586.0,68246.0,16,3539.0,7,91.0,68.9,17.0,2.4,3,3425,46,83.4,Mobile App
CUST00016,30,Female,Kolkata,2026-01-01,1055502.0,66694.0,24,3372.0,12,63.6,65.3,13.0,8.5,5,3521,8,69.4,Mobile App
CUST00708,52,Female,Chennai,2018-12-21,2480137.0,86277.0,6,12336.0,80,22.9,57.2,9.0,6.0,4,4767,94,40.5,Website
CUST00901,35,Male,Ahmedabad,2024-11-12,480008.0,61129.0,28,2317.0,8,58.0,100.0,29.0,6.0,5,3116,22,41.5,Website
CUST01980,46,Female,Kolkata,2025-06-23,427504.0,58911.0,28,2448.0,46,89.0,80.2,10.0,5.3,5,3659,15,82.2,Mobile App
CUST01573,18,Male,Bengaluru,2023-12-09,1110321.0,62693.0,19,3420.0,17,19.4,100.0,18.0,3.2,5,4049,33,64.2,Mobile App
CUST00904,31,Male,Mumbai,2024-09-12,1031247.0,117835.0,15,8372.0,4,20.4,90.9,28.0,10.4,6,5307,24,43.5,Mobile App
CUST00466,42,Female,Ahmedabad,2022-11-28,1507191.0,79645.0,6,13087.0,34,48.6,15.1,6.0,0.0,3,3329,46,39.8,Store
CUST01978,42,Male,Delhi,2025-12-09,1108424.0,21422.0,3,5702.0,251,51.2,45.8,6.0,0.0,2,1918,9,21.2,Website
CUST00200,26,Male,Chennai,2020-09-24,855642.0,76418.0,28,2463.0,8,80.3,75.1,15.0,11.0,7,4908,72,84.5,Store
CUST01207,28,Male,Chennai,2023-10-20,675798.0,87170.0,24,3368.0,29,49.3,93.7,29.0,10.5,8,4044,35,45.0,Mobile App
CUST01056,60,Male,Delhi,2022-07-14,763555.0,162907.0,3,57529.0,46,22.3,64.5,5.0,0.0,4,5698,50,0.0,Mobile App
CUST01132,22,Female,Pune,2026-01-10,1171662.0,65427.0,17,3115.0,13,42.1,95.1,31.0,4.1,7,3250,8,32.2,Mobile App
CUST01380,42,Male,Hyderabad,2026-08-01,250000.0,30195.0,19,1371.0,40,80.6,56.8,7.0,4.2,8,1754,1,83.7,Website
CUST00999,47,Male,Bengaluru,2020-02-14,1193211.0,21225.0,4,6315.0,202,23.7,23.3,0.0,2.3,5,1557,80,11.3,Website
CUST00728,52,Female,Chennai,2016-11-03,1549779.0,93457.0,20,5000.0,12,14.7,77.1,14.0,0.7,3,5270,120,62.9,Website
CUST01772,34,Male,Chennai,2022-12-08,972048.0,107492.0,6,19032.0,71,18.1,51.5,8.0,0.0,5,4906,45,35.2,Store
CUST01910,47,Female,Chennai,2021-03-08,708611.0,3000.0,5,616.0,58,41.9,30.7,1.0,7.7,2,954,67,,Store
CUST01822,21,Male,Ahmedabad,2023-11-20,1569132.0,92789.0,26,3384.0,12,43.4,86.6,26.0,14.1,8,3611,34,53.7,Mobile App
CUST00568,56,Male,Pune,2019-03-30,1707132.0,117169.0,29,3725.0,9,2.8,78.7,13.0,5.1,7,5535,90,67.8,Mobile App
CUST00044,36,Female,Ahmedabad,2021-12-18,393316.0,48403.0,24,1555.0,26,58.6,46.4,13.0,7.2,9,3426,57,75.4,Store
CUST00275,47,Male,Pune,2019-07-23,2529901.0,156547.0,8,22420.0,37,11.9,31.5,5.0,3.6,2,6856,87,40.4,Store
CUST01097,25,Male,Chennai,2021-11-20,870437.0,53531.0,21,2128.0,29,43.4,81.6,8.0,6.0,2,3434,58,73.3,Website
CUST00102,47,Male,Mumbai,2024-04-23,1639661.0,52968.0,6,9345.0,28,23.3,53.3,0.0,0.0,7,2395,29,36.6,Website
CUST01232,21,Female,Pune,2024-07-29,1138280.0,65635.0,22,2629.0,10,39.7,100.0,20.0,7.8,9,3429,25,69.8,Mobile App
CUST01722,29,Male,Kolkata,2023-09-15,990143.0,36236.0,19,1661.0,1,73.5,46.0,11.0,5.6,4,2813,36,31.6,Mobile App
CUST01833,33,Male,Ahmedabad,2024-06-12,1200532.0,70895.0,30,2231.0,2,37.1,80.0,17.0,14.3,8,3833,27,49.3,Mobile App
CUST00108,44,Female,Bengaluru,2023-08-07,1045110.0,45408.0,11,4336.0,30,80.6,84.6,8.0,4.5,7,1454,37,39.7,Mobile App
CUST01618,24,Male,Bengaluru,2026-05-19,801729.0,57935.0,23,2682.0,28,20.9,86.5,35.0,13.8,10,2246,4,67.0,Mobile App
CUST00498,31,Male,Pune,2025-01-08,734068.0,100281.0,22,4491.0,18,54.7,91.9,30.0,4.0,4,4797,20,83.0,Mobile App
CUST01981,18,Female,Ahmedabad,2025-03-25,1010137.0,17745.0,5,3645.0,204,30.1,20.3,2.0,0.0,1,539,18,0.0,Store
CUST00882,36,Male,Mumbai,2023-06-30,774295.0,85645.0,12,7382.0,15,34.6,88.2,30.0,6.7,9,3613,39,55.2,Mobile App
CUST00757,29,Male,Kolkata,2022-05-28,612174.0,33105.0,16,2098.0,11,88.0,70.3,19.0,1.6,5,2761,52,73.1,Store
CUST00620,31,Female,Ahmedabad,2020-04-25,2060351.0,108050.0,28,3598.0,2,8.0,85.4,8.0,6.5,11,5281,77,35.0,Mobile App
CUST01107,42,Male,Pune,2021-05-16,1542684.0,154014.0,22,6373.0,11,0.0,81.6,24.0,0.0,6,6833,64,47.3,Website
CUST01936,67,Female,Delhi,2020-12-02,2137354.0,113596.0,33,3548.0,17,12.4,54.7,14.0,1.3,5,5575,70,52.1,Store
CUST00810,27,Male,Chennai,2023-06-17,594247.0,8308.0,7,1132.0,123,60.1,48.1,2.0,1.0,3,1225,39,20.1,Website
CUST01038,24,Female,Bengaluru,2024-01-30,950952.0,60266.0,21,2622.0,1,85.0,41.3,11.0,7.6,3,3112,32,71.3,Website
CUST00073,43,Male,Bengaluru,2024-08-12,1119488.0,25800.0,3,7054.0,81,30.2,58.0,4.0,0.0,2,526,25,8.8,Mobile App
CUST01284,35,Female,Chennai,2023-05-19,1341822.0,69272.0,24,3190.0,25,35.3,100.0,20.0,5.6,6,4105,40,25.1,Mobile App
CUST01272,34,Female,Hyderabad,2022-10-31,881126.0,46048.0,21,2325.0,10,,76.5,23.0,14.3,6,3939,47,89.2,Store
CUST01335,56,Male,Bengaluru,2021-08-24,960118.0,8900.0,4,2374.0,211,75.3,0.0,4.0,2.4,4,1549,61,9.9,Store
CUST01459,56,Male,Pune,2020-04-22,528483.0,25988.0,3,8920.0,173,69.6,12.2,0.0,13.7,3,2004,77,4.7,Store
CUST00482,33,Male,Ahmedabad,2025-03-25,903908.0,44452.0,22,2040.0,1,86.7,58.6,28.0,6.2,4,2829,17,64.8,Website
CUST01069,53,Male,Kolkata,2020-04-28,1245527.0,104008.0,26,4627.0,24,19.8,72.8,15.0,8.7,8,5448,77,70.2,Store
CUST00507,35,Female,Chennai,2024-06-16,927490.0,34273.0,23,1517.0,26,90.2,71.7,8.0,11.3,7,1950,27,46.4,Website
CUST01238,30,Other,Ahmedabad,2024-05-30,953952.0,60611.0,30,2299.0,15,54.4,58.5,12.0,11.9,4,3404,27,49.3,Store
CUST01862,63,Female,Kolkata,2023-07-29,458239.0,20472.0,5,4095.0,84,89.2,41.0,0.0,6.8,3,2325,38,5.5,Mobile App
CUST01990,45,Male,Chennai,2023-05-18,2203040.0,66904.0,26,2519.0,4,11.6,58.6,11.0,0.4,8,4178,40,61.0,Website
CUST01477,35,Male,Pune,2026-07-19,995140.0,93499.0,23,4454.0,15,43.4,91.1,28.0,6.5,5,4858,1,36.9,Mobile App
CUST01867,63,Male,Kolkata,2023-09-17,746833.0,10649.0,8,1411.0,206,58.7,30.1,4.0,1.7,3,0,36,33.1,Store
CUST01456,50,Male,Delhi,2021-04-25,1495549.0,97068.0,27,3451.0,5,1.4,33.1,17.0,3.0,9,5248,65,70.7,Store
CUST00312,31,Male,Chennai,2022-08-29,827875.0,38870.0,21,1836.0,38,80.9,61.7,9.0,9.6,3,2528,49,53.9,Store
CUST00963,49,Male,Ahmedabad,2019-04-14,2015653.0,128756.0,25,3891.0,7,8.8,44.3,16.0,6.9,9,6870,90,46.5,Mobile App
CUST00406,37,Male,Ahmedabad,2025-10-05,1022827.0,26866.0,4,8235.0,73,50.6,57.2,7.0,5.3,3,1582,11,10.4,Website
CUST01331,22,Female,Kolkata,2021-12-31,3218158.0,140324.0,3,51770.0,11,17.9,38.0,7.0,0.0,4,5725,57,29.1,Store
CUST01650,43,Male,Ahmedabad,2023-01-25,505767.0,3000.0,8,367.0,98,70.3,63.3,1.0,0.0,2,906,44,16.1,Mobile App
CUST00310,45,Male,Bengaluru,2023-04-15,1891899.0,140073.0,24,6334.0,20,5.7,47.7,12.0,1.8,10,6025,41,44.5,Store
CUST00227,37,Female,Ahmedabad,2019-02-22,1674757.0,86564.0,21,3866.0,11,11.6,89.8,18.0,2.3,7,4489,92,71.9,Mobile App
CUST01858,41,Female,Hyderabad,2025-03-11,778438.0,74016.0,17,5093.0,34,57.4,33.7,17.0,6.7,5,3490,18,51.7,Website
CUST00711,18,Female,Delhi,2025-10-09,998734.0,34775.0,5,5476.0,103,35.5,74.4,4.0,0.0,7,1012,11,9.8,Mobile App
CUST01944,54,Male,Pune,2022-01-07,1805735.0,111528.0,17,6921.0,15,12.2,48.1,21.0,1.4,7,5356,57,46.6,Website
CUST01384,50,Male,Delhi,2023-04-29,1153556.0,29501.0,6,4430.0,80,31.0,55.6,5.0,12.2,2,1671,41,1.4,Store
CUST01786,56,Female,Ahmedabad,2020-02-16,548319.0,31911.0,10,3450.0,216,64.3,69.6,,9.7,2,2772,80,2.2,Website
CUST00149,37,Other,Kolkata,2021-10-22,914906.0,87751.0,25,3505.0,8,29.9,100.0,21.0,8.2,5,4924,59,62.2,Website
CUST01555,28,Female,Mumbai,2025-12-20,1324549.0,61447.0,20,2827.0,21,77.4,64.7,9.0,6.5,5,2690,8,48.1,Website
CUST01957,18,Female,Chennai,2023-10-19,1094236.0,54682.0,28,1906.0,19,43.7,88.6,22.0,9.4,8,3776,35,46.5,Mobile App
CUST00926,44,Female,Ahmedabad,2023-11-11,977165.0,66519.0,10,6566.0,27,57.0,58.6,21.0,14.5,7,3605,34,53.1,Website
CUST00943,46,Other,Bengaluru,2018-06-14,1521660.0,141912.0,23,6846.0,16,12.5,65.2,6.0,0.0,5,6480,100,37.8,Website
CUST00837,45,Female,Pune,2023-02-18,3653446.0,139776.0,8,18137.0,6,25.3,57.3,0.0,5.2,4,4693,43,25.3,Website
CUST00576,26,Female,Bengaluru,2023-04-29,1186099.0,103837.0,25,4875.0,15,42.4,99.9,40.0,4.1,5,4962,41,47.9,Mobile App
CUST00558,24,Male,Mumbai,2024-01-29,1251022.0,88659.0,24,3085.0,8,21.7,100.0,21.0,10.9,6,4001,32,25.8,Mobile App
CUST01236,41,Female,Bengaluru,2021-04-15,2401321.0,127039.0,27,5111.0,11,9.6,54.2,10.0,10.2,6,5562,66,62.2,Store
CUST01361,35,Female,Bengaluru,2023-10-20,1275598.0,62659.0,23,2207.0,8,33.8,81.8,31.0,2.5,7,3402,35,49.2,Website
CUST01348,18,Female,Delhi,2024-11-28,792155.0,69240.0,21,3156.0,17,97.6,57.1,3.0,11.3,2,3826,21,77.3,Mobile App
CUST01162,28,Male,Kolkata,2023-01-29,946783.0,94248.0,28,2762.0,7,34.5,92.4,22.0,8.8,10,4928,44,69.6,Mobile App
CUST01443,43,Male,Bengaluru,2018-04-14,1465728.0,94894.0,28,2787.0,14,8.7,14.2,19.0,8.5,8,5340,102,75.2,Store
CUST00287,46,Male,Chennai,2021-11-11,1474499.0,126629.0,37,3279.0,16,14.7,29.8,23.0,3.6,10,6342,59,64.2,Website
CUST01605,41,Female,Chennai,2024-04-13,1187915.0,73449.0,16,4786.0,39,89.3,62.6,6.0,4.5,4,3384,29,56.8,Store
CUST01058,35,Male,Hyderabad,2023-01-31,838179.0,58259.0,15,3583.0,12,72.8,48.4,12.0,18.7,8,4311,44,91.3,Mobile App
CUST00599,43,Female,Mumbai,2023-10-16,588005.0,38240.0,4,8805.0,66,35.5,16.2,2.0,6.6,4,1903,35,0.6,Store
CUST00933,41,Female,Ahmedabad,2020-12-17,412756.0,68074.0,14,4604.0,29,78.1,63.6,15.0,9.7,5,3910,69,78.6,Store
CUST01462,30,Female,Ahmedabad,2023-07-29,687911.0,59462.0,17,3948.0,11,44.1,91.6,29.0,6.6,9,2834,38,59.2,Website
CUST01638,30,Female,Kolkata,2021-09-19,1058169.0,30239.0,4,7933.0,151,61.1,11.9,4.0,10.2,6,2730,60,8.3,Store
CUST01588,38,Male,Bengaluru,2025-08-14,841412.0,65592.0,19,3643.0,12,9.3,100.0,31.0,9.4,2,2392,13,71.8,Mobile App
CUST01041,42,Male,Kolkata,2022-08-30,1205024.0,105173.0,36,3459.0,7,16.2,29.9,17.0,6.2,8,5120,49,49.6,Store
CUST01231,21,Male,Chennai,2026-07-26,491439.0,46529.0,18,2589.0,22,67.3,54.2,11.0,10.5,8,2709,1,77.3,Store
CUST00807,43,Female,Mumbai,2019-05-28,2774684.0,88105.0,8,12646.0,78,9.6,28.1,4.0,0.0,3,3930,88,13.4,Store
CUST00905,46,Female,Delhi,2020-04-21,875660.0,20071.0,7,3219.0,151,68.5,53.6,6.0,5.5,3,1110,77,19.6,Website
CUST01680,30,Male,Pune,2025-10-10,993719.0,86009.0,23,3032.0,16,48.3,98.8,37.0,4.9,8,3815,11,47.2,Mobile App
CUST01205,33,Female,Chennai,2023-08-14,2383950.0,151111.0,33,3783.0,8,4.6,64.1,19.0,2.6,7,7085,37,79.9,Website
CUST00768,35,Male,Mumbai,2022-07-09,622463.0,84886.0,22,3555.0,16,13.3,38.6,9.0,2.2,6,3866,50,46.0,Store
CUST00610,28,Female,Mumbai,2022-07-15,842775.0,76033.0,21,3227.0,15,47.2,92.7,25.0,12.4,3,3712,50,33.9,Website
CUST01993,19,Male,Hyderabad,2026-01-13,807214.0,71918.0,16,4716.0,4,53.8,50.8,15.0,6.1,5,4071,8,77.8,Store
CUST01565,59,Female,Bengaluru,2022-08-10,2439055.0,106934.0,7,13466.0,61,33.6,34.5,5.0,7.9,4,4390,49,33.8,Store
CUST01423,40,Male,Chennai,2022-05-14,564063.0,50415.0,23,1766.0,8,36.2,96.4,18.0,7.5,5,2596,52,51.3,Mobile App
CUST01011,23,Male,Ahmedabad,2024-05-25,1287993.0,73854.0,25,3373.0,6,28.1,87.4,15.0,0.0,7,4695,28,30.6,Website
CUST00494,40,Male,Hyderabad,2022-04-08,750169.0,34976.0,14,2426.0,18,81.9,87.7,6.0,6.0,5,1580,54,,Website
CUST01321,24,Male,Bengaluru,2025-05-27,844706.0,85381.0,16,5411.0,6,,79.5,30.0,11.8,7,3862,15,43.8,Website
CUST00278,34,Male,Delhi,2026-06-09,1265819.0,65668.0,19,3023.0,9,26.3,92.1,21.0,7.4,5,2758,3,61.1,Mobile App
CUST01847,31,Female,Mumbai,2020-12-18,1004052.0,65534.0,20,3186.0,1,56.0,64.1,12.0,10.2,6,3174,69,57.6,Mobile App
CUST00359,21,Female,Ahmedabad,2024-11-22,845108.0,90785.0,25,4132.0,18,54.3,86.6,37.0,1.1,8,4950,22,33.1,Mobile App
CUST01111,21,Female,Kolkata,2019-11-25,1513875.0,110385.0,27,4917.0,6,4.4,98.4,13.0,2.7,10,5985,82,64.7,Mobile App
CUST00237,23,Female,Ahmedabad,2023-03-09,1414671.0,127747.0,11,12582.0,23,10.5,95.0,26.0,7.5,5,5097,42,24.8,Website
CUST00552,45,Female,Kolkata,2019-01-17,2400922.0,118604.0,25,4671.0,24,5.1,54.8,9.0,8.1,9,5233,93,30.6,Website
CUST01868,23,Male,Pune,2023-05-26,,37579.0,21,1565.0,1,67.6,82.2,15.0,9.2,6,2864,40,56.1,Mobile App
CUST01813,18,Female,Mumbai,2023-05-02,1906431.0,112913.0,6,20941.0,41,18.8,31.4,3.0,0.4,3,4224,41,33.4,Store
CUST00209,35,Female,Chennai,2018-02-14,2085934.0,147167.0,22,7228.0,4,8.3,58.3,22.0,7.4,10,6611,104,44.4,Website
CUST01387,48,Male,Delhi,2019-05-23,2744003.0,129241.0,3,45032.0,101,25.3,46.4,8.0,0.0,3,4731,89,24.1,Store
CUST01561,51,Female,Mumbai,2016-11-05,621874.0,20140.0,4,4741.0,127,51.9,56.9,5.0,14.3,3,1908,120,25.9,Website
CUST00059,57,Female,Delhi,2023-09-14,2369322.0,125611.0,26,4755.0,9,13.6,86.8,17.0,7.2,10,4596,36,66.3,Mobile App
CUST00632,38,Male,Bengaluru,2022-10-21,250000.0,17848.0,4,3887.0,178,56.5,40.0,2.0,6.0,4,1155,47,5.7,Website
CUST01962,44,Female,Chennai,2023-04-12,822984.0,41845.0,6,6650.0,30,65.8,44.4,20.0,13.9,2,1662,41,55.7,Store
CUST01860,25,Female,Delhi,2025-05-17,541713.0,32770.0,23,1469.0,26,82.3,83.3,11.0,16.4,5,2381,16,73.6,Mobile App
CUST01817,52,Female,Ahmedabad,2022-12-06,1979358.0,153064.0,9,17489.0,47,14.6,31.3,7.0,5.5,4,5836,45,32.9,Store
CUST00364,41,Female,Ahmedabad,2020-03-26,1559430.0,124598.0,36,3979.0,1,10.9,36.3,22.0,4.9,5,6192,78,70.4,Store
CUST00506,26,Male,Chennai,2020-06-20,2600986.0,97400.0,5,18830.0,57,24.7,56.5,7.0,7.3,6,4483,75,20.4,Store
CUST01166,38,Male,Bengaluru,2024-10-03,1170748.0,15871.0,5,2869.0,193,48.8,63.5,2.0,4.7,4,910,23,0.0,Website
CUST01122,31,Male,Kolkata,2020-03-06,1694438.0,129857.0,27,5162.0,20,27.5,27.2,,9.6,7,7348,79,64.5,Store
CUST01630,20,Male,Pune,2021-08-17,1094678.0,38929.0,24,1519.0,12,75.5,72.4,5.0,10.0,7,3260,61,53.6,Mobile App
CUST01217,32,Female,Pune,2023-06-01,834284.0,47126.0,25,1860.0,42,68.4,57.0,11.0,3.6,5,3214,40,74.1,Website
CUST01152,54,Female,Chennai,2023-05-28,1953420.0,19612.0,3,6134.0,126,44.2,29.6,1.0,5.4,4,934,40,4.1,Store
CUST01125,46,Male,Ahmedabad,2023-04-05,901771.0,48389.0,20,2233.0,12,71.9,38.4,4.0,20.7,6,2776,42,67.5,Store
CUST01595,47,Female,Bengaluru,2024-08-30,362053.0,28261.0,4,7056.0,191,39.0,58.8,3.0,16.6,4,1446,24,24.3,Mobile App
CUST00119,36,Female,Bengaluru,2024-07-05,499156.0,56322.0,27,1929.0,5,23.2,100.0,36.0,9.1,6,2872,26,35.1,Mobile App
CUST01250,44,Female,Pune,2022-02-23,595716.0,27700.0,4,5400.0,203,76.1,66.3,7.0,13.2,4,1312,55,10.3,Store
CUST01994,34,Female,Pune,2022-10-04,1540909.0,113564.0,25,3835.0,16,15.7,45.6,14.0,8.0,9,5130,48,70.6,Mobile App
CUST00523,40,Male,Hyderabad,2023-06-20,1840472.0,144072.0,18,8073.0,11,12.4,91.5,9.0,3.9,6,5886,39,71.9,Mobile App
CUST00514,27,Female,Delhi,2021-04-04,587791.0,78581.0,22,4175.0,15,77.0,87.6,9.0,9.8,7,4300,66,72.8,Mobile App
CUST00082,35,Female,Mumbai,2024-02-14,840983.0,23716.0,16,1492.0,49,70.6,60.6,15.0,3.6,3,2189,31,79.5,Website
CUST00916,37,Female,Ahmedabad,2023-10-17,667553.0,22410.0,5,3880.0,110,35.4,59.0,5.0,8.1,3,511,35,7.5,Mobile App
CUST01019,43,Male,Bengaluru,2024-04-10,2696955.0,134756.0,24,6111.0,7,17.4,50.9,9.0,6.6,8,5270,29,58.8,Website
CUST00381,24,Male,Mumbai,2025-10-15,1036148.0,75971.0,23,3924.0,10,39.8,100.0,24.0,4.0,7,3446,11,55.7,Website
CUST01030,33,Male,Kolkata,2023-07-07,1486172.0,63784.0,25,2960.0,33,74.0,56.2,12.0,4.1,6,4842,38,93.3,Store
CUST01689,25,Female,Hyderabad,2022-11-11,662284.0,69166.0,17,3713.0,29,,100.0,35.0,10.8,7,3094,46,53.7,Mobile App
CUST00085,45,Female,Delhi,2024-09-12,2645271.0,108277.0,27,4215.0,4,11.8,49.0,7.0,3.5,6,5488,24,43.1,Website
CUST01678,23,Male,Mumbai,2021-01-09,604226.0,76998.0,22,3374.0,15,43.9,95.2,25.0,19.2,9,3617,69,41.4,Mobile App
CUST00330,18,Male,Hyderabad,2024-01-23,948162.0,58468.0,20,2739.0,2,91.9,56.7,15.0,12.0,9,3978,32,58.2,Website
CUST00007,41,Female,Hyderabad,2020-03-13,1213872.0,86918.0,4,17956.0,58,35.2,47.5,7.0,3.1,4,3756,79,27.5,Store
CUST00746,34,Male,Bengaluru,2025-01-23,832037.0,85929.0,29,3103.0,10,39.5,83.1,34.0,14.1,8,4292,20,45.4,Mobile App
CUST01554,34,Female,Chennai,2023-10-01,933270.0,57976.0,23,2798.0,15,80.2,92.2,13.0,5.9,5,2782,36,51.7,Website
CUST00915,35,Female,Bengaluru,2019-02-10,1535164.0,27905.0,7,4427.0,184,40.3,40.5,2.0,12.1,2,1913,92,5.3,Website
CUST00874,38,Male,Pune,2023-08-24,619414.0,61335.0,23,3023.0,61,94.9,87.3,22.0,15.9,9,3509,37,48.7,Website
CUST00452,42,Female,Delhi,2023-02-13,1275148.0,21406.0,5,4543.0,141,31.1,28.8,4.0,7.8,2,1082,43,26.4,Store
CUST00491,59,Male,Hyderabad,2020-12-25,891696.0,105916.0,6,14747.0,41,24.7,27.5,5.0,9.5,6,5528,69,33.3,Store
CUST01481,43,Male,Kolkata,2026-08-15,1408937.0,61986.0,12,6430.0,36,86.7,28.9,8.0,6.5,8,1300,1,66.2,Store
CUST00288,31,Male,Chennai,2024-07-02,940885.0,45070.0,18,2181.0,9,77.0,65.8,10.0,8.7,6,3768,26,66.1,Website
CUST00949,59,Male,Delhi,2023-04-12,665923.0,16545.0,5,3425.0,79,44.7,58.9,1.0,10.4,2,992,41,27.4,Mobile App
CUST01986,55,Male,Pune,2026-07-18,720863.0,11075.0,8,1199.0,223,70.8,100.0,3.0,15.5,1,756,1,4.8,Website
CUST01369,36,Male,Mumbai,2022-01-26,399207.0,64509.0,9,6457.0,20,75.0,100.0,17.0,6.6,6,3001,56,89.3,Website
CUST01147,53,Male,Bengaluru,2021-10-05,2091038.0,137016.0,8,13759.0,37,4.0,82.6,9.0,0.2,2,5611,60,12.0,Website
CUST00706,36,Female,Delhi,2022-08-05,1288390.0,57661.0,28,1746.0,1,33.3,90.9,21.0,8.2,10,3010,50,59.6,Mobile App
CUST01727,48,Male,Delhi,2023-07-04,259609.0,53536.0,15,3497.0,30,69.8,82.3,13.0,14.1,9,3145,39,62.6,Website
CUST01702,38,Male,Kolkata,2021-06-07,1144958.0,42514.0,7,5849.0,105,41.4,5.5,5.0,15.5,5,2474,64,15.2,Store
CUST01629,38,Male,Pune,2025-09-21,494373.0,42535.0,23,2071.0,60,70.3,97.5,11.0,11.3,7,2150,11,66.3,Mobile App
CUST01600,40,Male,Mumbai,2023-01-10,714877.0,53628.0,16,3422.0,36,74.8,55.9,11.0,0.0,8,2922,44,33.4,Website
CUST01539,40,Female,Kolkata,2022-11-24,936490.0,11288.0,7,1582.0,274,70.0,50.5,3.0,5.1,4,714,46,19.7,Mobile App
CUST01406,24,Male,Chennai,2022-12-09,1012535.0,71379.0,16,3888.0,18,62.9,46.5,15.0,8.7,7,3209,45,80.4,Website
CUST01651,39,Female,Bengaluru,2023-09-06,924994.0,65134.0,14,2938.0,1,71.2,60.8,7.0,1.5,5,2320,36,69.4,Website
CUST00328,33,Female,Chennai,2024-07-18,1388707.0,66215.0,21,2649.0,9,31.3,83.2,14.0,2.7,10,2575,26,51.5,Mobile App
CUST00443,36,Male,Mumbai,2024-10-10,2717331.0,81510.0,4,19417.0,58,27.9,46.3,6.0,0.0,2,2786,23,46.3,Mobile App
CUST00775,48,Female,Mumbai,2019-06-27,2262524.0,141934.0,22,6529.0,9,5.6,59.7,10.0,8.8,10,6440,87,70.8,Website
CUST01088,52,Female,Bengaluru,2022-07-30,1696147.0,114510.0,3,43234.0,18,23.3,74.6,3.0,7.4,5,3869,50,22.7,Website
CUST01221,47,Female,Hyderabad,2022-12-15,2443932.0,129878.0,31,4262.0,1,8.5,55.5,14.0,6.7,8,6208,45,51.7,Mobile App
CUST01636,32,Male,Mumbai,2020-07-21,857458.0,49544.0,19,2511.0,32,68.5,46.3,18.0,2.9,6,3305,74,84.5,Mobile App
CUST00178,54,Female,Delhi,2024-06-26,609564.0,21226.0,1,24086.0,187,80.2,46.8,0.0,11.7,2,759,27,17.6,Mobile App
CUST01323,53,Female,Hyderabad,2022-12-06,1655293.0,127771.0,26,5213.0,18,19.3,73.0,13.0,8.6,6,5424,46,53.1,Store
CUST00705,35,Male,Ahmedabad,2023-03-11,689504.0,72073.0,19,4080.0,29,91.0,90.2,16.0,7.5,3,1991,42,84.4,Mobile App
CUST00087,47,Male,Chennai,2021-05-27,2369079.0,133332.0,6,25498.0,58,18.1,39.7,9.0,1.1,8,6387,64,33.3,Mobile App
CUST01884,39,Male,Hyderabad,2024-02-02,1728290.0,90377.0,7,12458.0,25,22.2,37.2,8.0,5.2,3,3976,31,41.4,Website
CUST01948,20,Female,Ahmedabad,2026-07-28,1610074.0,27748.0,5,5775.0,213,79.9,71.1,4.0,3.8,2,1520,1,8.7,Store
CUST00458,18,Male,Hyderabad,2023-09-09,1196887.0,33214.0,20,1897.0,21,41.5,99.3,31.0,16.6,6,2319,36,41.0,Mobile App
CUST01829,32,Male,Ahmedabad,2021-10-12,1432572.0,21970.0,8,3194.0,165,47.6,54.3,3.0,3.1,4,2042,60,0.0,Store
CUST00055,35,Male,Kolkata,2020-08-16,1162972.0,108509.0,2,45646.0,45,12.6,25.4,7.0,4.9,5,4631,74,44.0,Store
CUST01502,52,Female,Chennai,2022-07-13,564381.0,20710.0,4,4829.0,150,43.6,42.4,5.0,7.9,4,1155,50,24.6,Website
CUST00644,23,Male,Hyderabad,2024-01-29,977571.0,54629.0,10,6114.0,26,71.9,67.9,17.0,10.6,8,2871,32,83.5,Store
CUST00678,24,Male,Mumbai,2022-05-24,783613.0,71256.0,34,1973.0,11,34.0,82.8,36.0,10.5,9,5294,52,41.2,Website
CUST00222,34,Female,Ahmedabad,2025-07-20,1760331.0,74477.0,20,3450.0,21,10.0,90.0,35.0,9.4,7,3834,14,51.6,Website
CUST00114,30,Male,Hyderabad,2024-10-28,792080.0,61178.0,16,3237.0,16,39.2,84.1,29.0,1.8,8,3655,22,70.5,Mobile App
CUST00983,49,Male,Chennai,2024-03-29,1950351.0,90068.0,4,23699.0,41,13.8,24.8,4.0,5.6,2,4050,30,40.5,Store
CUST01229,46,Male,Pune,2023-02-03,651109.0,31754.0,5,6130.0,149,43.3,77.1,0.0,17.9,4,1831,44,22.6,Website
CUST01000,38,Female,Delhi,2022-10-29,627469.0,48626.0,15,3280.0,1,77.7,58.9,6.0,19.7,6,2711,47,61.7,Mobile App
CUST00175,38,Male,Pune,2021-10-03,862991.0,126765.0,27,4798.0,15,26.7,80.3,19.0,2.1,7,6310,60,43.4,Mobile App
CUST00782,51,Female,Chennai,2026-08-02,864398.0,16194.0,5,2313.0,256,22.4,66.8,5.0,16.4,4,1611,1,6.3,Website
CUST00590,41,Male,Pune,2023-05-25,2889471.0,121482.0,26,4436.0,8,5.2,70.3,12.0,3.3,7,6178,40,28.7,Mobile App
CUST01560,54,Male,Kolkata,2023-02-17,250000.0,9967.0,7,1680.0,146,20.8,3.2,3.0,10.9,3,894,43,0.0,Store
CUST00019,18,Female,Mumbai,2022-01-31,625327.0,23382.0,5,4944.0,211,57.2,59.0,3.0,0.0,2,1945,56,2.2,Mobile App
CUST00424,40,Female,Hyderabad,2020-09-21,2219999.0,103173.0,20,3181.0,14,11.5,43.2,17.0,0.0,7,4808,72,39.6,Mobile App
CUST01344,18,Female,Pune,2025-04-22,1544507.0,34808.0,25,1745.0,10,35.9,94.0,30.0,7.8,12,3349,17,32.5,Website
CUST00286,45,Female,Bengaluru,2025-05-14,649767.0,50578.0,12,5002.0,14,87.9,64.4,7.0,16.7,5,1710,16,41.6,Website
CUST01584,30,Female,Ahmedabad,2022-04-29,829831.0,58325.0,13,4964.0,29,74.2,45.2,7.0,8.5,5,2626,53,63.7,Mobile App
CUST00429,62,Male,Chennai,2026-08-10,1323811.0,131419.0,22,5752.0,11,24.6,49.6,14.0,2.2,10,5267,1,48.4,Mobile App
CUST01510,48,Female,Pune,2022-08-03,3352408.0,101050.0,4,26077.0,28,18.7,39.4,2.0,3.5,3,4006,50,38.3,Website
CUST01319,58,Female,Delhi,2023-03-16,2806015.0,62864.0,4,15283.0,25,21.6,69.3,6.0,9.1,3,3295,42,23.7,Store
CUST00670,42,Female,Hyderabad,2022-02-14,708605.0,30524.0,12,2679.0,5,72.9,77.4,13.0,13.8,7,1866,55,36.7,Mobile App
CUST00032,30,Male,Delhi,2024-07-21,976104.0,21642.0,5,4269.0,120,44.9,64.5,6.0,8.0,4,1735,26,18.9,Website
CUST00941,42,Female,Mumbai,2026-07-30,1101377.0,59794.0,13,4012.0,31,75.2,66.6,10.0,15.5,5,2856,1,64.6,Store
CUST00723,47,Male,Ahmedabad,2021-12-19,1293586.0,98298.0,28,3655.0,20,,86.6,19.0,3.1,7,5648,57,50.0,Mobile App
CUST00995,42,Male,Pune,2024-07-12,729500.0,3000.0,2,1398.0,215,44.1,68.2,4.0,13.7,3,919,26,10.3,Website
CUST00215,41,Male,Chennai,2020-06-26,1792536.0,135793.0,7,20540.0,20,33.0,20.9,4.0,4.5,3,5700,75,25.4,Store
CUST00814,38,Male,Hyderabad,2024-10-12,1193928.0,86671.0,24,3838.0,14,22.1,89.7,23.0,2.2,4,4575,23,43.8,Mobile App
CUST00327,50,Male,Ahmedabad,2024-03-14,967936.0,25764.0,4,5953.0,162,65.0,59.6,1.0,9.1,1,1380,30,20.6,Store
CUST00561,46,Female,Kolkata,2025-08-30,1614552.0,153743.0,27,6548.0,21,15.6,55.7,19.0,7.4,9,6064,12,40.3,Mobile App
CUST01113,29,Male,Kolkata,2024-12-11,1294884.0,72485.0,27,2563.0,1,28.0,84.2,24.0,14.9,8,3504,21,31.9,Mobile App
CUST00701,28,Male,Kolkata,2025-06-02,708848.0,48997.0,22,2097.0,30,70.5,75.3,12.0,14.6,4,2392,15,72.6,Mobile App
CUST01579,32,Female,Ahmedabad,2025-09-26,800389.0,14517.0,7,1860.0,328,17.7,11.7,4.0,12.6,5,759,11,9.9,Store
CUST01190,36,Female,Kolkata,2021-11-16,1040279.0,98915.0,26,3823.0,22,37.4,91.0,27.0,6.8,8,4911,58,28.7,Mobile App
CUST00342,37,Female,Hyderabad,2019-08-18,1466404.0,19825.0,8,2671.0,240,23.5,38.3,3.0,2.3,2,1523,86,3.2,Website
CUST00630,50,Male,Mumbai,2023-02-07,781736.0,23783.0,6,3323.0,165,24.4,49.0,3.0,3.7,2,2257,43,20.0,Website
CUST00148,22,Male,Bengaluru,2020-12-13,1227274.0,70348.0,29,2428.0,11,24.0,90.3,18.0,8.6,8,4039,70,38.1,Mobile App
CUST01310,45,Female,Hyderabad,2023-06-06,852512.0,23938.0,6,4038.0,96,14.8,3.2,6.0,0.0,3,1595,39,13.4,Store
CUST00361,29,Male,Bengaluru,2020-03-03,1285300.0,32030.0,6,5903.0,260,46.9,57.8,2.0,8.7,2,1818,79,25.7,Mobile App
CUST00084,47,Female,Ahmedabad,2021-08-04,1223167.0,125750.0,26,5012.0,15,12.9,53.4,7.0,0.6,7,5927,62,45.9,Mobile App
CUST00049,57,Female,Hyderabad,2019-01-08,2646025.0,97670.0,6,15443.0,58,44.3,53.1,5.0,5.4,2,4965,93,18.7,Mobile App
CUST00469,45,Female,Delhi,2021-03-08,,112801.0,31,2856.0,9,4.7,20.8,11.0,9.5,12,6115,67,45.4,Store
CUST00156,41,Female,Delhi,2025-09-06,2756567.0,94407.0,8,12012.0,66,30.9,36.1,7.0,5.5,6,4533,12,21.6,Store
CUST00773,29,Male,Chennai,2025-03-05,1254697.0,66113.0,25,2624.0,8,26.3,84.4,24.0,7.8,3,4181,18,16.1,Website
CUST01240,43,Female,Hyderabad,2020-06-13,1259505.0,132600.0,31,4557.0,2,15.5,24.4,22.0,0.3,8,6094,76,60.4,Store
CUST01201,30,Male,Mumbai,2022-10-13,941423.0,63538.0,23,2541.0,8,32.6,87.5,19.0,10.1,10,3491,47,53.3,Website
CUST01403,41,Male,Bengaluru,2019-08-31,1379157.0,9115.0,5,1631.0,201,65.6,32.1,2.0,14.3,5,1359,85,0.0,Store
CUST01203,49,Male,Mumbai,2023-03-17,1499722.0,18700.0,4,4477.0,228,14.2,10.0,4.0,0.0,1,1200,42,8.3,Website
CUST01631,33,Female,Hyderabad,2026-06-25,729439.0,64299.0,17,3963.0,7,20.0,98.8,28.0,11.0,2,2298,2,68.7,Mobile App
CUST00501,45,Female,Ahmedabad,2024-06-15,1311494.0,53466.0,5,7693.0,26,36.0,53.9,4.0,0.7,6,2369,27,13.7,Website
CUST01765,45,Female,Chennai,2026-07-25,1375884.0,121946.0,25,4858.0,15,20.3,34.3,3.0,3.2,6,5734,1,81.2,Store
CUST00180,31,Female,Pune,2021-04-03,2551698.0,116699.0,7,15682.0,36,26.3,10.8,6.0,2.3,3,5317,66,43.1,Store
CUST01048,48,Male,Kolkata,2023-08-13,2308780.0,111950.0,7,18140.0,56,22.8,38.4,3.0,2.6,4,5101,37,41.2,Store
CUST01756,34,Male,Pune,2025-01-09,1431845.0,64051.0,20,2362.0,20,13.9,82.6,31.0,5.7,6,3348,20,35.5,Website
CUST00951,32,Male,Chennai,2022-03-17,1066308.0,67434.0,20,3444.0,1,42.3,100.0,26.0,5.4,6,2720,54,59.0,Mobile App
CUST01317,45,Other,Mumbai,2023-11-17,1088958.0,78785.0,18,3060.0,13,33.5,83.9,32.0,0.0,6,4773,34,54.0,Mobile App
CUST01620,26,Male,Chennai,2023-05-30,2039822.0,164193.0,27,7488.0,15,7.4,84.0,21.0,4.9,5,7518,40,19.8,Website
CUST00529,62,Male,Mumbai,2023-09-23,2071313.0,101902.0,6,21504.0,67,18.1,63.9,4.0,3.2,4,3724,36,25.1,Mobile App
CUST00347,45,Male,Chennai,2019-11-17,1065055.0,12663.0,3,4583.0,235,31.7,0.0,4.0,1.8,4,1319,83,12.2,Store
CUST01388,32,Female,Hyderabad,2022-06-04,880076.0,60933.0,15,4453.0,25,70.8,68.2,0.0,7.3,9,4061,52,81.3,Store
CUST01961,31,Male,Pune,2020-12-11,1544942.0,55524.0,21,2120.0,15,41.2,91.9,27.0,6.4,6,2878,70,48.6,Mobile App
CUST01051,23,Male,Hyderabad,2024-07-03,739022.0,96716.0,18,5601.0,8,31.4,90.9,37.0,6.7,6,4153,26,39.9,Website
CUST01973,57,Other,Bengaluru,2022-02-17,1843025.0,109611.0,6,14796.0,29,15.7,17.8,4.0,5.3,5,4213,55,15.6,Website
CUST01442,44,Female,Delhi,2020-07-18,1736669.0,141342.0,28,4676.0,18,9.6,87.7,7.0,7.1,10,6999,75,84.6,Mobile App
CUST00602,48,Female,Mumbai,2020-12-15,2325538.0,108087.0,6,17073.0,1,20.1,31.9,6.0,1.6,4,4908,70,25.0,Website
CUST01282,21,Male,Pune,2026-08-07,931423.0,72286.0,24,3111.0,29,99.7,53.7,7.0,8.9,5,3588,1,58.2,Store
CUST00244,41,Male,Delhi,2024-02-22,1206125.0,81592.0,26,2704.0,29,21.5,84.4,18.0,10.2,8,3826,31,6.5,Mobile App
CUST01337,25,Male,Ahmedabad,2026-08-01,898769.0,27515.0,19,1400.0,18,76.2,35.3,16.0,7.5,6,2513,1,49.4,Mobile App
CUST01068,59,Female,Kolkata,2019-02-15,2385880.0,211691.0,5,44315.0,12,10.1,64.6,8.0,1.4,4,8187,92,46.9,Store
CUST01476,34,Female,Mumbai,2024-03-29,1148736.0,79348.0,32,2356.0,15,9.9,84.3,20.0,3.5,5,4092,30,52.0,Mobile App
CUST00313,38,Male,Pune,2025-05-15,1154329.0,76999.0,18,5221.0,4,70.5,84.8,8.0,11.1,1,3846,16,75.0,Website
CUST00436,29,Female,Chennai,2022-12-09,1015311.0,16049.0,22,565.0,26,57.0,55.7,24.0,17.4,7,1637,45,40.1,Website
CUST01899,54,Male,Delhi,2020-12-06,1586734.0,136691.0,23,6354.0,1,13.8,46.6,15.0,3.3,7,6564,70,59.0,Website
CUST01329,33,Male,Mumbai,2023-01-16,1376711.0,60487.0,11,5965.0,35,64.9,64.9,10.0,19.1,4,3110,44,57.7,Mobile App
CUST00309,41,Female,Mumbai,2022-11-06,893460.0,31492.0,27,1147.0,33,73.0,58.8,11.0,16.7,9,2730,47,66.4,Website
CUST00431,64,Male,Mumbai,2026-08-14,250000.0,26693.0,5,5861.0,168,55.9,41.2,3.0,3.5,4,923,1,19.0,Store
CUST00661,38,Female,Pune,2025-11-20,755102.0,36116.0,18,2019.0,26,81.4,77.5,13.0,14.5,5,2394,9,75.2,Website
CUST00371,51,Male,Hyderabad,2023-01-30,1640198.0,72000.0,8,9567.0,11,5.5,29.6,3.0,9.3,5,2895,44,36.1,Store
CUST00567,53,Male,Hyderabad,2019-08-26,1764666.0,161486.0,6,23381.0,53,9.7,71.8,11.0,7.0,6,6871,85,35.8,Website
CUST00980,34,Male,Ahmedabad,2023-02-15,897054.0,44209.0,20,1608.0,27,80.6,56.4,12.0,16.3,3,1984,43,79.9,Store
CUST00182,26,Female,Hyderabad,2021-03-13,1209194.0,14232.0,7,1935.0,246,24.2,35.2,0.0,7.3,3,1759,67,0.0,Store
CUST01363,27,Male,Mumbai,2025-11-10,825313.0,87132.0,16,4922.0,12,19.3,96.3,28.0,10.5,5,3954,10,40.9,Mobile App
CUST00622,20,Female,Hyderabad,2024-05-06,1320107.0,82228.0,20,4710.0,9,34.3,97.4,29.0,6.3,5,4221,28,61.5,Mobile App
CUST00819,32,Female,Mumbai,2021-10-01,1562387.0,51473.0,27,1893.0,9,11.0,85.7,20.0,5.7,8,3048,60,,Mobile App
CUST01193,43,Male,Delhi,2020-05-05,717168.0,10954.0,6,1755.0,238,52.8,53.7,2.0,14.4,2,1179,77,23.9,Store
CUST00953,41,Male,Chennai,2022-05-19,797645.0,54202.0,22,2450.0,32,78.3,82.3,17.0,15.2,11,3537,52,61.1,Mobile App
CUST01422,24,Male,Ahmedabad,2022-09-07,1105408.0,83325.0,15,5732.0,4,36.9,88.8,23.0,4.1,7,3881,48,67.2,Website
CUST01841,27,Male,Chennai,2022-01-19,1233695.0,153013.0,29,4784.0,20,9.6,78.0,23.0,5.0,7,7205,56,75.1,Website
CUST00923,18,Male,Chennai,2024-12-13,1153035.0,82702.0,24,4073.0,7,51.0,93.9,43.0,10.7,6,3937,21,67.9,Mobile App
CUST01074,24,Female,Chennai,2021-07-22,301307.0,41306.0,6,6901.0,251,82.5,68.5,7.0,0.9,1,1396,62,15.7,Mobile App
CUST00297,38,Male,Pune,2025-07-27,1059453.0,36578.0,6,7153.0,264,20.6,100.0,5.0,9.3,5,720,13,9.4,Website
CUST00967,51,Male,Hyderabad,2024-04-20,714973.0,29258.0,5,6657.0,161,79.6,19.8,5.0,15.8,2,1302,29,6.7,Store
CUST00462,48,Male,Mumbai,2019-08-19,1246770.0,167484.0,23,8800.0,2,26.2,67.2,20.0,0.0,8,7438,86,68.9,Website
CUST01303,25,Male,Mumbai,2024-09-05,2743275.0,92325.0,8,10941.0,85,21.5,39.5,6.0,4.3,3,4612,24,38.7,Store
CUST01177,21,Female,Mumbai,2024-01-30,1250452.0,52140.0,19,2295.0,14,32.0,99.5,29.0,5.2,7,2415,32,49.1,Mobile App
CUST00378,45,Male,Pune,2025-11-10,1589810.0,92959.0,22,4817.0,1,32.7,81.1,38.0,11.5,7,4796,10,38.6,Mobile App
CUST00799,51,Male,Ahmedabad,2024-03-22,1142388.0,68753.0,5,13467.0,14,5.5,37.1,11.0,5.2,4,2031,30,5.1,Website
CUST01103,44,Male,Pune,2020-07-24,2127723.0,91669.0,5,21237.0,1,18.3,39.5,4.0,2.8,3,4054,74,17.4,Store
CUST00106,47,Female,Delhi,2016-11-05,2032277.0,90359.0,9,9229.0,3,13.3,10.3,4.0,0.0,5,4977,120,22.9,Store
CUST00127,57,Female,Bengaluru,2022-08-17,866019.0,40520.0,12,3600.0,12,52.8,74.9,17.0,11.2,6,3275,49,70.6,Mobile App
CUST01996,43,Female,Bengaluru,2023-08-22,2488518.0,136755.0,9,15349.0,1,24.6,44.4,7.0,3.4,5,5772,37,55.7,Mobile App
CUST00839,41,Male,Pune,2025-01-15,811423.0,45378.0,27,4844.0,42,51.5,71.9,12.0,1.8,4,3783,20,81.4,Mobile App
CUST00356,44,Male,Ahmedabad,2024-07-03,772239.0,95687.0,17,5505.0,26,42.1,86.3,38.0,7.3,8,4256,26,58.5,Mobile App
CUST01617,36,Female,Ahmedabad,2019-11-10,1900290.0,111169.0,32,3903.0,5,11.2,83.9,19.0,9.2,8,7084,83,43.5,Mobile App
CUST00683,39,Male,Hyderabad,2022-08-12,2260345.0,130121.0,28,4570.0,7,23.8,45.2,13.0,1.3,9,6237,49,47.9,Website
CUST00813,40,Male,Mumbai,2024-06-17,417993.0,18597.0,6,2850.0,289,55.1,45.7,3.0,15.2,1,2279,27,23.1,Store
CUST01681,62,Female,Delhi,2020-11-26,2159334.0,108985.0,3,38592.0,55,13.2,61.1,2.0,5.3,1,4209,70,25.6,Mobile App
CUST00210,26,Male,Pune,2025-03-20,1335128.0,76344.0,19,4303.0,5,43.4,86.6,24.0,0.0,5,3414,18,49.2,Mobile App
CUST01493,33,Female,Kolkata,2026-07-23,928827.0,89625.0,17,5250.0,26,26.0,97.2,32.0,12.2,7,3747,1,41.1,Mobile App
CUST00141,37,Female,Hyderabad,2024-01-13,1241603.0,80231.0,13,7532.0,13,18.5,100.0,34.0,9.3,5,3524,32,40.5,Mobile App
CUST01975,44,Female,Chennai,2022-10-16,1916904.0,116942.0,23,5365.0,4,15.3,95.5,19.0,7.3,9,5847,47,36.1,Mobile App
CUST01340,41,Female,Delhi,2022-09-29,950161.0,53375.0,21,1983.0,44,76.9,94.5,14.0,9.4,5,2765,48,65.1,Mobile App
CUST01798,43,Female,Mumbai,2024-12-04,506050.0,56817.0,17,4254.0,4,83.7,64.6,14.0,9.3,7,3024,21,88.5,Mobile App
CUST01575,48,Male,Ahmedabad,2016-11-27,980319.0,112576.0,36,3007.0,10,11.6,49.6,22.0,4.3,5,6091,119,34.4,Store
CUST01182,44,Female,Ahmedabad,2019-07-24,1774571.0,127915.0,25,3901.0,13,18.2,97.5,17.0,6.6,8,5515,87,54.4,Website
CUST01394,49,Female,Pune,2023-12-17,1591645.0,136566.0,30,4629.0,18,7.1,75.3,19.0,6.7,6,6913,33,56.1,Mobile App
CUST01816,27,Female,Chennai,2023-10-02,1971096.0,82127.0,27,2748.0,8,38.7,79.7,25.0,9.0,4,3960,36,55.6,Mobile App
CUST00712,42,Male,Hyderabad,2017-07-08,1693914.0,119359.0,7,17543.0,45,20.8,39.7,6.0,3.5,6,5508,111,30.5,Mobile App
CUST01794,50,Male,Kolkata,2020-07-19,1390852.0,101075.0,3,30926.0,12,25.9,40.5,11.0,3.8,5,4220,75,27.8,Store
CUST00893,26,Male,Kolkata,2023-02-25,250000.0,40153.0,30,1434.0,16,93.7,58.7,1.0,3.5,7,3569,43,67.8,Store
CUST00860,31,Female,Kolkata,2025-06-26,1132344.0,74089.0,15,4882.0,18,52.3,99.6,26.0,13.3,4,3235,14,77.8,Mobile App
CUST00011,34,Female,Kolkata,2024-11-18,900227.0,85098.0,15,5961.0,28,86.8,66.8,25.0,7.1,7,4252,22,62.7,Website
CUST01695,36,Female,Kolkata,2020-08-16,2609352.0,88965.0,3,33043.0,37,24.6,22.7,4.0,2.3,2,3826,74,39.2,Website
CUST01428,30,Female,Bengaluru,2020-12-07,1030552.0,149407.0,28,5953.0,8,6.0,81.1,18.0,4.9,8,7214,70,42.1,Mobile App
CUST00283,39,Male,Ahmedabad,2022-07-14,250000.0,68652.0,17,4926.0,51,53.3,81.5,12.0,7.3,3,4071,50,78.1,Mobile App
CUST00811,48,Female,Hyderabad,2020-10-30,2654141.0,134289.0,30,4457.0,7,6.6,36.3,21.0,2.0,9,6222,71,68.8,Website
CUST01342,29,Female,Kolkata,2021-08-23,539991.0,11944.0,5,1820.0,157,17.2,30.7,1.0,14.4,3,1625,61,16.2,Website
CUST00292,38,Male,Ahmedabad,2023-06-18,1800471.0,128031.0,18,6916.0,18,17.6,51.2,14.0,5.5,8,5077,39,54.5,Website
CUST00755,53,Male,Chennai,2019-01-27,2426411.0,130909.0,8,16745.0,55,15.5,33.7,7.0,8.2,4,6880,92,33.2,Store
CUST00627,52,Female,Pune,2019-12-19,3518218.0,129617.0,8,15468.0,15,19.0,50.5,4.0,2.7,5,5404,82,28.9,Mobile App
CUST00944,40,Male,Hyderabad,2024-11-22,950109.0,71450.0,15,5374.0,30,84.8,81.0,12.0,6.8,4,3237,22,54.2,Mobile App
CUST00862,55,Male,Bengaluru,2024-02-28,1792904.0,97796.0,7,16516.0,37,5.1,14.6,3.0,0.0,2,4001,31,45.3,Store
CUST00130,54,Male,Bengaluru,2022-05-06,1185537.0,63149.0,29,1696.0,6,35.2,100.0,26.0,0.1,6,3596,53,54.0,Mobile App
CUST01176,38,Female,Kolkata,2022-04-17,2878386.0,64572.0,7,9124.0,68,26.3,14.5,1.0,6.3,3,3148,53,18.8,Store
CUST00324,27,Female,Chennai,2024-06-23,720875.0,73858.0,21,3749.0,7,36.6,93.4,17.0,9.0,6,4421,27,64.8,Website
CUST01091,34,Female,Chennai,2025-07-20,,23858.0,20,1168.0,40,65.4,47.6,12.0,11.3,5,1867,14,67.1,Mobile App
CUST00844,29,Female,Ahmedabad,2024-01-26,740684.0,52997.0,25,2044.0,38,65.7,100.0,,8.0,5,3437,32,69.2,Website
CUST00964,48,Female,Chennai,2020-10-08,1714255.0,107851.0,34,3251.0,6,12.2,70.2,19.0,6.6,10,6785,72,63.3,Mobile App
CUST01865,33,Female,Ahmedabad,2026-08-12,935137.0,69105.0,24,3413.0,13,,85.0,29.0,6.3,3,3359,1,46.9,Mobile App
CUST00866,39,Male,Chennai,2020-11-18,569510.0,27792.0,3,9030.0,153,32.2,28.9,2.0,13.4,5,488,70,15.0,Store
CUST00922,46,Female,Kolkata,2019-07-14,434632.0,45434.0,5,10233.0,232,32.6,58.2,3.0,13.1,3,2570,87,0.0,Mobile App
CUST00696,31,Male,Chennai,2026-03-13,1478693.0,65707.0,22,2619.0,23,58.2,93.1,35.0,7.1,7,3376,6,13.6,Website
CUST00216,52,Female,Ahmedabad,2022-05-01,2492175.0,99353.0,5,20559.0,40,14.7,75.8,10.0,5.9,5,4177,53,10.3,Website
CUST01781,25,Male,Chennai,2019-07-06,1565627.0,88296.0,29,2760.0,7,0.0,73.6,12.0,3.7,6,4134,87,59.1,Mobile App
CUST01262,38,Male,Delhi,2024-02-11,913031.0,33972.0,18,2023.0,58,59.2,47.1,10.0,7.9,7,1768,31,68.8,Mobile App
CUST00159,55,Male,Hyderabad,2024-04-17,1881048.0,74000.0,2,30051.0,30,9.0,18.4,7.0,0.4,1,3671,29,21.4,Website
CUST01059,18,Male,Hyderabad,2023-09-23,1540128.0,64890.0,19,3630.0,17,20.9,95.5,20.0,7.7,10,2710,36,42.2,Mobile App
CUST00989,40,Male,Ahmedabad,2021-11-11,887213.0,43165.0,22,1971.0,22,84.1,47.4,18.0,11.5,8,3856,58,66.7,Website
CUST00842,39,Male,Bengaluru,2020-11-23,2343967.0,108797.0,3,33977.0,20,22.0,43.7,0.0,2.3,6,5143,70,45.1,Store
CUST00635,51,Female,Delhi,2024-12-19,1431323.0,125610.0,26,4250.0,18,3.0,47.6,16.0,2.7,7,6086,21,49.4,Mobile App
CUST00517,20,Male,Ahmedabad,2022-09-05,729862.0,33876.0,15,2597.0,35,66.7,77.9,21.0,8.9,8,3172,49,69.7,Website
CUST01429,24,Female,Delhi,2024-06-23,2801621.0,137056.0,7,21502.0,107,27.9,43.6,0.0,7.5,3,5548,27,12.6,Mobile App
CUST01748,30,Male,Kolkata,2024-05-25,1010097.0,70940.0,23,2813.0,17,49.4,96.5,32.0,4.3,6,3353,28,60.8,Website
CUST00598,33,Other,Bengaluru,2025-02-23,755459.0,91396.0,22,3688.0,8,48.6,81.2,23.0,4.7,11,4568,19,13.5,Mobile App
CUST00196,31,Female,Delhi,2021-09-23,2019223.0,93965.0,20,4833.0,1,15.7,74.3,17.0,6.6,6,5039,60,32.4,Store
CUST01784,41,Female,Hyderabad,2020-10-21,1778605.0,135231.0,27,5599.0,8,5.6,85.5,13.0,2.8,9,5430,71,28.9,Website
CUST00870,31,Female,Pune,2023-11-05,919644.0,37196.0,20,1598.0,51,69.7,53.4,0.0,7.3,4,2626,34,68.0,Website
CUST00411,21,Male,Pune,2026-02-14,1313388.0,80500.0,28,3182.0,26,50.9,91.2,21.0,15.4,4,4228,7,57.0,Mobile App
CUST00097,34,Female,Delhi,2022-10-07,930341.0,82485.0,13,6500.0,61,64.4,55.2,13.0,15.7,10,3634,47,62.4,Website
CUST01001,49,Female,Pune,2023-01-02,2244723.0,170092.0,29,6639.0,18,15.5,23.8,14.0,2.4,8,8219,45,64.1,Store
CUST01506,27,Male,Chennai,2025-07-21,1277538.0,75919.0,22,3926.0,11,,92.4,20.0,3.0,4,3624,14,49.3,Mobile App
CUST00157,38,Male,Hyderabad,2022-08-15,1046851.0,65031.0,16,4226.0,27,88.2,99.0,17.0,9.2,6,2859,49,66.3,Mobile App
CUST00420,38,Male,Ahmedabad,2024-01-02,1198911.0,56359.0,6,8565.0,122,19.7,37.5,1.0,10.8,4,2438,32,29.9,Website
CUST01803,40,Male,Bengaluru,2020-08-30,1786994.0,97220.0,25,4788.0,1,17.3,39.2,23.0,6.2,10,5665,73,61.3,Website
CUST00478,26,Female,Mumbai,2021-07-05,1474570.0,60293.0,21,2323.0,1,24.7,95.6,29.0,9.4,8,3033,63,36.0,Mobile App
CUST01856,37,Female,Hyderabad,2024-10-03,1202153.0,13771.0,5,2763.0,136,42.3,69.6,7.0,7.3,4,2463,23,21.3,Store
CUST00669,29,Male,Mumbai,2023-03-23,891568.0,48940.0,12,3396.0,42,80.6,70.2,14.0,10.4,5,2444,42,100.0,Website
CUST01418,25,Female,Chennai,2022-09-08,711331.0,91362.0,20,5858.0,20,34.5,94.5,27.0,8.4,9,4730,48,19.7,Website
CUST01872,41,Male,Kolkata,2022-11-30,1314649.0,62862.0,17,3949.0,6,28.5,89.3,25.0,10.5,11,3666,46,48.2,Website
CUST01300,32,Female,Mumbai,2021-11-26,839840.0,187782.0,14,4996.0,22,67.0,62.1,21.0,4.2,7,4347,58,72.6,Website
CUST00448,30,Male,Delhi,2023-12-12,979153.0,59646.0,20,3148.0,15,42.3,90.4,34.0,6.7,6,2480,33,26.2,Website
CUST00554,33,Female,Delhi,2022-06-20,961701.0,8622.0,5,1201.0,183,14.8,37.6,8.0,0.0,1,1285,51,27.9,Store
CUST00179,27,Male,Hyderabad,2021-09-22,783603.0,25396.0,5,4218.0,124,60.8,0.0,2.0,4.3,3,1887,60,22.1,Store
CUST00391,36,Female,Kolkata,2023-12-16,1507333.0,51370.0,20,2851.0,6,32.3,88.5,34.0,11.4,6,3024,33,28.7,Mobile App
CUST00579,54,Female,Kolkata,2026-08-04,1500750.0,24489.0,8,3352.0,98,45.6,53.1,0.0,9.8,1,1221,1,13.7,Store
CUST01478,38,Female,Chennai,2021-07-25,558748.0,3000.0,2,1747.0,215,76.4,62.3,3.0,0.0,3,1295,62,19.5,Website
CUST01707,32,Male,Pune,2020-03-31,2001340.0,132843.0,22,6619.0,13,22.7,97.6,17.0,0.0,9,6021,78,51.5,Website
CUST01288,38,Male,Mumbai,2022-10-27,609538.0,55867.0,17,2960.0,8,63.9,100.0,13.0,6.8,5,3080,47,58.4,Mobile App
CUST01645,38,Female,Mumbai,2022-08-08,1122225.0,48426.0,29,1381.0,19,65.8,67.5,15.0,6.1,4,3649,50,70.0,Store
CUST01024,34,Female,Pune,2022-10-12,1108858.0,79006.0,24,4123.0,15,37.3,87.2,28.0,0.0,7,4545,47,57.6,Website
CUST00821,43,Female,Ahmedabad,2023-11-10,2465535.0,137700.0,26,4521.0,17,22.1,71.9,24.0,11.5,5,6589,34,12.1,Mobile App
CUST01825,43,Male,Kolkata,2023-02-06,2488555.0,133309.0,3,40740.0,56,26.4,31.0,6.0,2.6,3,5675,43,10.4,Website
CUST00985,28,Female,Pune,2019-02-11,1864287.0,123986.0,31,4605.0,14,21.3,83.5,11.0,0.7,10,5472,92,78.3,Mobile App
CUST01339,50,Female,Kolkata,2022-10-29,279118.0,27971.0,6,3920.0,189,25.6,58.9,2.0,14.7,3,2026,47,10.5,Website
CUST00665,28,Male,Pune,2023-10-29,530759.0,27000.0,14,2065.0,43,62.5,37.1,8.0,7.1,5,2857,35,83.5,Website
CUST00143,45,Female,Kolkata,2026-05-29,1018648.0,18303.0,4,3375.0,96,60.4,55.3,3.0,7.2,4,1730,3,6.7,Mobile App
CUST01517,38,Female,Hyderabad,2022-03-11,1389979.0,81817.0,24,2836.0,12,18.7,56.3,20.0,9.4,6,4636,54,75.0,Store
CUST01430,33,Female,Ahmedabad,2024-11-16,1183788.0,53285.0,24,2057.0,18,47.6,92.4,22.0,9.8,8,3721,22,59.7,Website
CUST00865,48,Male,Bengaluru,2021-09-10,1374898.0,150210.0,24,5535.0,16,7.0,48.0,17.0,5.2,6,7238,61,37.8,Store
CUST00422,36,Female,Kolkata,2024-06-12,1468045.0,118225.0,26,5570.0,12,9.2,64.2,12.0,3.2,5,6061,27,36.9,Mobile App
CUST00637,34,Male,Delhi,2025-03-10,3332746.0,125664.0,6,25641.0,2,37.6,41.3,6.0,2.3,4,5354,18,7.1,Store
CUST01407,32,Female,Mumbai,2022-09-13,1124776.0,10216.0,4,2900.0,254,22.6,69.2,0.0,0.0,1,1528,48,18.6,Website
CUST00800,48,Female,Chennai,2023-03-07,3181396.0,163731.0,8,20037.0,53,25.4,69.0,0.0,8.4,3,5870,42,23.0,Mobile App
CUST01404,45,Female,Chennai,2022-10-04,1083197.0,55104.0,29,1809.0,40,54.6,60.2,13.0,15.5,5,3651,48,45.8,Website
CUST00616,53,Male,Ahmedabad,2020-04-10,1527894.0,95527.0,4,26016.0,63,3.9,23.4,8.0,2.1,3,4571,78,41.3,Store
CUST00295,31,Female,Chennai,2023-05-26,971831.0,7985.0,7,1157.0,116,46.4,78.1,2.0,3.6,2,0,40,11.2,Website
CUST00924,20,Male,Hyderabad,2022-10-12,1448624.0,62721.0,32,2032.0,11,50.5,96.4,36.0,9.3,7,4408,47,87.8,Mobile App
CUST01269,30,Female,Mumbai,2025-04-09,742078.0,94280.0,17,5838.0,1,20.5,88.3,24.0,18.9,7,4119,17,40.9,Website
CUST01903,49,Female,Pune,2018-12-22,750033.0,24891.0,6,3902.0,144,46.4,81.8,2.0,15.9,2,2647,94,4.3,Mobile App
CUST00089,42,Other,Delhi,2020-03-01,1088410.0,142605.0,37,4188.0,1,22.2,42.8,16.0,2.2,8,6630,79,56.5,Website
CUST00042,18,Male,Bengaluru,2024-07-19,1350307.0,13732.0,5,2553.0,77,47.8,23.1,3.0,10.7,1,702,26,8.9,Store
CUST01802,37,Female,Mumbai,2025-12-03,839179.0,100632.0,20,5064.0,11,10.2,99.8,36.0,2.3,9,5162,9,58.1,Mobile App
CUST01934,18,Male,Ahmedabad,2024-07-02,1184608.0,15269.0,7,1875.0,171,35.3,72.5,0.0,7.0,3,1324,26,14.2,Website
CUST00132,32,Other,Ahmedabad,2017-09-05,525183.0,16891.0,6,2929.0,195,5.2,26.9,5.0,8.5,1,1932,109,11.7,Store
CUST01002,50,Male,Kolkata,2020-11-08,1402857.0,74040.0,22,3342.0,15,8.9,86.6,26.0,4.1,6,4270,71,44.0,Mobile App
CUST01158,54,Male,Pune,2019-02-05,2657406.0,82912.0,27,3055.0,5,9.0,75.7,16.0,10.8,10,4491,92,37.0,Mobile App
CUST01095,37,Female,Bengaluru,2024-03-28,1214044.0,81639.0,16,3998.0,25,33.5,100.0,30.0,13.8,10,3777,30,66.9,Website
CUST01855,22,Male,Mumbai,2023-05-14,381164.0,22388.0,6,3332.0,69,38.3,39.5,0.0,15.1,3,1833,40,,Store
CUST01345,50,Male,Hyderabad,2026-05-14,1256326.0,36180.0,6,5699.0,151,45.6,37.2,8.0,4.8,4,1906,4,13.2,Store
CUST01499,41,Female,Hyderabad,2022-02-01,940565.0,17437.0,14,1207.0,34,61.0,34.5,8.0,9.2,6,1600,56,98.9,Store
CUST00165,27,Male,Ahmedabad,2024-04-26,1053181.0,64748.0,33,1434.0,12,29.0,92.0,22.0,10.6,9,3930,29,43.7,Mobile App
CUST00725,47,Female,Hyderabad,2018-12-31,1109717.0,119183.0,25,4697.0,28,13.8,86.8,7.0,7.6,3,5845,93,24.4,Mobile App
CUST00291,40,Female,Ahmedabad,2023-03-06,446762.0,37464.0,5,7233.0,157,51.7,31.5,3.0,0.0,5,1804,42,22.4,Store
CUST01209,53,Female,Hyderabad,2022-11-27,656239.0,30865.0,22,1041.0,32,91.9,66.8,6.0,4.3,3,2285,46,48.1,Website
CUST01589,33,Female,Kolkata,2022-04-13,1145247.0,41470.0,21,2007.0,48,72.4,58.2,11.0,9.2,5,2530,53,60.0,Website
CUST01897,23,Male,Delhi,2022-06-23,452470.0,97302.0,22,4147.0,22,34.6,89.4,48.0,4.9,8,4590,51,68.6,Website
CUST01642,32,Female,Pune,2022-08-03,1777094.0,119977.0,28,16868.0,4,0.1,20.0,19.0,3.0,8,6369,50,41.3,Website
CUST01362,29,Male,Hyderabad,2020-07-31,1115311.0,53167.0,14,3801.0,7,71.1,90.1,13.0,2.1,7,2948,74,86.0,Website
CUST00779,62,Male,Mumbai,2024-06-13,1555129.0,84856.0,4,20059.0,82,22.1,33.1,8.0,7.2,6,4142,27,47.4,Store
CUST00840,20,Male,Ahmedabad,2025-09-26,669312.0,93199.0,24,3921.0,10,37.0,91.6,19.0,9.1,7,4543,11,57.2,Mobile App
CUST00349,24,Male,Kolkata,2026-06-07,1375421.0,87911.0,25,3683.0,7,14.5,96.1,31.0,12.0,11,4312,3,41.8,Website
CUST01945,36,Male,Pune,2022-01-06,1059347.0,20097.0,5,4265.0,240,45.5,52.1,1.0,16.1,1,1826,57,7.6,Store
CUST00572,35,Male,Pune,2025-07-23,923367.0,22814.0,5,3840.0,126,65.4,69.5,1.0,6.2,3,957,14,0.0,Mobile App
CUST00918,40,Female,Hyderabad,2020-08-16,848421.0,76329.0,35,2028.0,10,18.8,29.1,10.0,7.0,8,4498,74,54.8,Website
CUST00977,18,Male,Ahmedabad,2025-10-21,437113.0,70687.0,9,8004.0,15,41.7,100.0,23.0,7.6,8,2664,11,62.6,Mobile App
CUST01914,33,Female,Mumbai,2025-01-31,1217610.0,35287.0,22,1498.0,24,42.8,100.0,25.0,5.6,12,2351,19,26.5,Mobile App
CUST01469,38,Female,Delhi,2023-01-23,1255284.0,66692.0,1,64228.0,21,21.6,0.0,7.0,3.6,2,2770,44,42.7,Store
CUST01592,42,Male,Pune,2019-02-28,1351547.0,148229.0,29,6390.0,2,17.8,50.8,16.0,6.3,10,6294,91,52.6,Mobile App
CUST01318,58,Female,Hyderabad,2022-12-26,1744244.0,126135.0,27,4310.0,17,8.2,81.7,17.0,3.3,6,5559,45,52.5,Mobile App
CUST01845,35,Male,Kolkata,2019-09-29,2553347.0,143695.0,23,6635.0,9,2.3,46.1,22.0,6.1,9,7204,84,64.2,Store
CUST00137,59,Female,Bengaluru,2020-06-13,770691.0,24918.0,7,3360.0,87,58.6,29.6,2.0,3.2,4,1253,76,10.3,Store
CUST00459,53,Male,Bengaluru,2024-09-06,2280523.0,121273.0,7,18065.0,61,15.9,28.0,5.0,0.0,5,5171,24,25.0,Store
CUST00376,38,Female,Pune,2022-07-09,1602125.0,152800.0,24,6799.0,2,14.2,32.9,18.0,0.8,9,6897,51,55.1,Website
CUST01343,33,Male,Ahmedabad,2023-07-01,721609.0,76845.0,22,2923.0,4,37.4,93.3,28.0,7.6,6,4328,39,37.0,Mobile App
CUST00334,26,Female,Chennai,2023-11-20,1591736.0,12430.0,7,1801.0,187,35.4,44.0,0.0,7.9,1,280,34,20.3,Website
CUST01160,56,Male,Hyderabad,2022-09-04,828305.0,127045.0,5,23230.0,83,37.6,31.4,9.0,4.8,5,5528,49,23.8,Store
CUST01761,45,Male,Kolkata,2024-04-15,1044425.0,29671.0,12,2119.0,26,86.7,33.8,17.0,11.0,6,1088,29,85.8,Website
CUST01458,27,Female,Chennai,2023-01-21,1558824.0,72406.0,13,6206.0,19,58.0,90.3,21.0,10.5,11,3673,44,22.0,Mobile App
CUST00817,21,Male,Hyderabad,2024-05-21,1035403.0,8142.0,1,7806.0,261,29.4,25.2,0.0,2.9,3,812,28,15.5,Website
CUST01115,49,Male,Bengaluru,2024-09-10,949333.0,23298.0,5,4810.0,205,55.9,59.5,3.0,7.7,3,875,24,4.9,Mobile App
CUST01006,37,Female,Ahmedabad,2024-09-22,763400.0,3000.0,26,300.0,24,71.1,61.0,9.0,10.2,6,1930,24,70.2,Mobile App
CUST01857,23,Male,Ahmedabad,2026-07-30,1453057.0,38074.0,16,2009.0,16,72.2,64.1,17.0,21.2,5,2969,1,77.7,Website
CUST01955,63,Female,Kolkata,2023-05-02,905100.0,31987.0,5,7105.0,132,40.3,0.0,2.0,8.8,5,2452,41,12.3,Store
CUST01851,46,Male,Ahmedabad,2023-09-21,792456.0,47533.0,25,1659.0,29,58.8,94.3,14.0,12.4,5,3492,36,57.4,Mobile App
CUST00911,40,Female,Kolkata,2023-12-09,2123833.0,81501.0,3,29697.0,13,15.8,54.3,7.0,5.6,1,3438,33,36.0,Mobile App
CUST01930,23,Female,Chennai,2024-11-14,897351.0,44284.0,23,2002.0,7,45.6,93.9,34.0,11.3,5,2639,22,47.8,Mobile App
CUST01126,33,Female,Pune,2025-01-21,1156509.0,77072.0,26,2904.0,20,31.8,100.0,20.0,0.0,8,3955,20,30.8,Website
CUST00329,29,Female,Pune,2023-12-08,1169147.0,56924.0,13,3958.0,12,24.3,86.6,34.0,2.1,8,3236,33,63.4,Mobile App
CUST01248,48,Male,Bengaluru,2023-01-15,604943.0,54515.0,15,3506.0,7,81.4,59.0,14.0,13.8,9,3727,44,69.8,Store
CUST00319,54,Female,Delhi,2023-06-28,809234.0,72041.0,26,2431.0,1,68.2,46.4,7.0,12.3,6,4646,39,76.3,Store
CUST01690,18,Female,Delhi,2023-04-25,534479.0,32761.0,19,1798.0,8,100.0,63.4,17.0,9.8,7,1105,41,84.5,Website
CUST01359,48,Female,Delhi,2024-06-24,2045369.0,85686.0,7,10951.0,33,14.5,22.6,8.0,1.7,2,3655,27,20.0,Store
CUST01733,47,Male,Mumbai,2021-05-29,2103512.0,124201.0,6,20490.0,55,22.9,5.8,4.0,6.2,5,5607,64,31.9,Website
CUST00168,36,Male,Ahmedabad,2026-07-20,1329552.0,13498.0,6,2268.0,218,15.0,14.7,3.0,19.9,4,702,1,0.0,Store
CUST00013,34,Male,Delhi,2025-03-03,876842.0,60612.0,17,4122.0,6,42.2,96.2,36.0,18.3,4,2491,18,38.1,Mobile App
CUST01927,39,Female,Pune,2024-02-09,842494.0,51087.0,15,3665.0,1,71.9,63.6,18.0,13.0,6,3259,31,63.0,Website
CUST00172,24,Female,Bengaluru,2024-11-01,1107365.0,64216.0,21,3805.0,1,11.1,90.4,35.0,1.1,6,3666,22,44.4,Mobile App
CUST00650,43,Female,Bengaluru,2022-05-14,1679197.0,122819.0,26,4349.0,6,0.0,78.9,17.0,0.5,9,6153,52,48.7,Store
CUST01062,23,Female,Pune,2023-05-09,1530524.0,57060.0,20,2894.0,9,54.7,86.0,29.0,10.1,8,4060,40,60.2,Website
CUST00261,35,Male,Mumbai,2018-03-23,2731679.0,110510.0,35,3086.0,11,17.6,71.2,21.0,2.5,10,6005,103,51.1,Mobile App
CUST01367,33,Female,Hyderabad,2025-12-16,840166.0,56215.0,20,2568.0,42,83.2,74.4,9.0,3.3,5,3650,9,71.1,Mobile App
CUST01549,23,Other,Chennai,2022-09-13,862366.0,49655.0,17,2809.0,15,83.5,65.6,10.0,9.3,3,3143,48,57.8,Mobile App
CUST00902,44,Female,Hyderabad,2024-11-08,766171.0,67210.0,20,3344.0,30,72.8,61.4,16.0,9.7,5,3271,22,72.6,Mobile App
CUST00673,41,Male,Ahmedabad,2024-01-14,1272812.0,31327.0,8,4728.0,195,6.2,17.5,0.0,11.8,2,969,32,10.1,Store
CUST00259,38,Female,Hyderabad,2022-06-07,1386009.0,149424.0,20,7245.0,13,12.7,48.9,16.0,12.7,8,7265,52,70.2,Website
CUST00845,46,Male,Delhi,2022-07-18,2298932.0,97220.0,39,2339.0,13,9.5,36.2,9.0,7.9,12,6057,50,60.2,Store
CUST00868,33,Male,Delhi,2021-11-22,1995891.0,103424.0,5,20013.0,62,10.9,13.0,4.0,3.4,4,3992,58,33.9,Store
CUST01800,29,Male,Bengaluru,2023-08-18,677896.0,50181.0,30,1729.0,7,53.3,89.1,21.0,0.3,9,3965,37,41.5,Mobile App
CUST00139,37,Female,Bengaluru,2023-08-10,3068800.0,107243.0,7,14840.0,45,11.4,75.6,5.0,2.7,6,4364,37,19.7,Website
CUST00894,39,Female,Hyderabad,2021-04-23,1403417.0,114317.0,36,3599.0,1,19.1,43.8,8.0,8.3,10,6574,65,49.4,Mobile App
CUST01838,29,Female,Ahmedabad,2025-09-20,992556.0,52427.0,24,2331.0,12,28.7,90.0,25.0,10.2,4,3168,12,30.6,Mobile App
CUST00550,26,Female,Ahmedabad,2023-10-16,452932.0,82290.0,16,5182.0,1,23.5,89.3,35.0,9.1,9,3721,35,54.3,Website
CUST00320,57,Male,Hyderabad,2024-03-10,863300.0,3000.0,5,614.0,140,24.4,48.4,2.0,0.0,4,1187,30,8.3,Mobile App
CUST01527,26,Male,Ahmedabad,2025-02-07,920335.0,66332.0,15,5839.0,38,77.8,42.1,19.0,2.7,7,3018,19,47.6,Store
CUST01806,62,Female,Kolkata,2022-03-23,2595668.0,126853.0,8,18578.0,56,33.6,44.2,4.0,3.2,4,4447,54,13.8,Store
CUST01178,23,Male,Kolkata,2024-10-28,1156175.0,15321.0,26,473.0,19,59.6,70.4,16.0,7.6,8,1613,22,62.0,Mobile App
CUST00559,26,Male,Delhi,2025-07-24,820931.0,73289.0,17,4869.0,14,32.5,89.7,30.0,6.7,4,2593,13,64.9,Mobile App
CUST00140,21,Female,Bengaluru,2016-10-21,1946835.0,125947.0,27,4802.0,12,11.8,57.1,18.0,3.4,6,5835,120,44.3,Store
CUST01735,48,Male,Bengaluru,2023-04-20,593509.0,30718.0,7,3889.0,149,44.2,73.0,1.0,4.0,4,2591,41,0.0,Website
CUST00532,25,Male,Bengaluru,2020-06-10,3664511.0,98008.0,7,11624.0,74,28.0,42.8,6.0,0.0,4,4919,76,24.7,Store
CUST00225,43,Male,Hyderabad,2023-02-25,377123.0,29484.0,14,2073.0,21,78.7,70.8,19.0,14.7,4,2166,43,55.3,Mobile App
CUST00724,41,Other,Pune,2022-03-26,1040917.0,27942.0,6,4222.0,154,30.8,38.4,2.0,0.0,4,1587,54,0.0,Mobile App
CUST00787,38,Male,Mumbai,2023-11-06,752087.0,16343.0,2,8195.0,164,51.6,41.4,3.0,10.5,5,1875,34,1.5,Store
CUST01718,25,Male,Chennai,2023-07-21,1112502.0,93104.0,17,6044.0,2,36.8,94.6,27.0,4.1,8,4370,38,35.2,Mobile App
CUST01008,50,Male,Kolkata,2021-05-09,803721.0,56720.0,14,4538.0,9,84.0,96.0,20.0,9.0,12,2370,65,76.1,Mobile App
CUST00410,28,Female,Mumbai,2019-01-15,991611.0,8504.0,4,1922.0,134,34.0,43.4,1.0,17.4,4,2100,93,10.6,Website
CUST00326,35,Male,Hyderabad,2022-10-07,634925.0,64120.0,24,3143.0,14,26.5,87.5,27.0,8.4,7,3922,47,35.2,Mobile App
CUST01766,50,Female,Kolkata,2021-09-01,1885079.0,124087.0,27,5404.0,12,13.2,39.5,17.0,6.5,8,5438,61,39.0,Store
CUST00300,27,Female,Delhi,2023-03-06,1145564.0,58092.0,29,2121.0,25,23.5,92.7,28.0,11.9,6,4319,42,48.7,Mobile App
CUST01263,39,Male,Delhi,2022-01-01,1320332.0,56762.0,8,7178.0,23,67.1,89.9,18.0,1.1,9,3498,57,63.1,Mobile App
CUST01946,51,Male,Ahmedabad,2022-06-11,645819.0,26050.0,3,8704.0,205,42.1,65.2,2.0,26.4,1,1197,51,14.6,Website
CUST00026,34,Male,Pune,2023-08-12,778837.0,63855.0,10,5989.0,35,82.2,53.9,5.0,12.3,8,2150,37,38.6,Website
CUST01859,33,Female,Pune,2024-12-16,1110832.0,36973.0,21,1795.0,17,64.5,100.0,14.0,6.0,6,2216,21,50.6,Website
CUST00715,38,Female,Ahmedabad,2022-03-05,1978549.0,115404.0,5,21129.0,47,0.0,49.3,6.0,2.4,2,5523,55,34.7,Mobile App
CUST01010,45,Female,Bengaluru,2025-12-30,721150.0,76376.0,18,5613.0,13,50.1,94.0,18.0,3.1,8,3613,8,26.7,Website
CUST00194,18,Female,Chennai,2026-07-06,1373842.0,25921.0,7,3875.0,303,43.9,38.7,4.0,6.1,4,925,2,7.1,Store
CUST00441,51,Female,Mumbai,2022-01-18,712915.0,28540.0,2,11176.0,71,38.9,8.9,6.0,0.0,1,2556,56,6.7,Store
CUST00574,42,Female,Chennai,2022-12-25,1923729.0,82252.0,7,11810.0,11,20.0,45.6,6.0,0.9,3,3344,45,56.9,Store
CUST00947,40,Female,Bengaluru,2021-07-06,2214348.0,93836.0,8,11495.0,70,29.6,46.1,6.0,4.5,2,3472,63,39.9,Mobile App
CUST00998,40,Male,Kolkata,2020-02-01,1884659.0,124411.0,20,6505.0,19,17.0,48.2,24.0,9.0,10,6679,80,55.5,Mobile App
CUST00504,32,Male,Pune,2024-08-25,1309306.0,75228.0,22,3313.0,26,37.8,95.6,35.0,8.2,6,3552,25,26.8,Website
CUST00606,44,Female,Bengaluru,2019-07-08,2630248.0,92045.0,6,12566.0,41,18.0,42.9,11.0,0.0,4,3770,87,24.6,Mobile App
CUST01717,38,Female,Pune,2025-01-01,413772.0,75450.0,26,3263.0,1,73.9,95.0,20.0,6.3,9,4043,20,65.0,Mobile App
CUST01164,42,Male,Ahmedabad,2023-05-27,1522797.0,166604.0,31,5036.0,9,3.8,63.0,13.0,3.7,6,8794,40,57.4,Website
CUST01787,26,Female,Ahmedabad,2020-03-20,890663.0,38245.0,14,2911.0,26,81.4,59.7,5.0,14.9,5,2384,79,66.0,Store
CUST00847,18,Male,Chennai,2024-09-02,895834.0,46414.0,10,4687.0,27,72.4,64.6,11.0,3.9,3,2231,24,80.9,Store
CUST00004,45,Female,Pune,2022-03-19,1633441.0,140664.0,7,17046.0,60,35.8,55.2,6.0,8.8,4,5908,54,18.8,Mobile App
CUST01287,37,Female,Mumbai,2022-12-14,902006.0,39108.0,14,3542.0,32,63.3,71.7,16.0,8.7,7,2086,45,54.9,Store
CUST01223,37,Female,Kolkata,2026-01-22,1552143.0,15303.0,10,1758.0,161,58.0,21.1,5.0,11.6,1,783,7,15.2,Store
CUST00468,46,Male,Kolkata,2021-07-21,778799.0,5459.0,6,826.0,41,46.9,48.5,0.0,8.5,4,1595,62,,Mobile App
CUST00322,37,Female,Pune,2025-12-08,1051512.0,82534.0,23,2985.0,18,32.8,83.4,26.0,4.0,8,4449,9,48.2,Mobile App
CUST00006,52,Male,Chennai,2021-03-25,1131013.0,41164.0,3,11451.0,245,25.1,60.2,4.0,8.6,1,3532,66,1.0,Store
CUST00223,18,Male,Chennai,2023-02-26,1214854.0,116266.0,14,8064.0,38,33.9,88.8,34.0,8.9,7,5118,43,48.3,Website
CUST01375,75,Female,Kolkata,2022-01-01,250000.0,25044.0,5,4900.0,132,52.8,48.4,2.0,8.2,4,2967,57,13.7,Website
CUST00548,48,Female,Hyderabad,2019-04-29,2783262.0,117462.0,22,4356.0,1,24.3,89.8,10.0,2.8,7,6896,89,35.7,Mobile App
CUST00229,36,Female,Bengaluru,2024-06-22,1331311.0,62564.0,23,2632.0,17,39.7,94.4,24.0,1.7,7,3923,27,17.8,Website
CUST00040,36,Male,Ahmedabad,2022-05-05,868631.0,99833.0,19,4824.0,13,54.0,93.5,23.0,6.4,10,4818,53,34.9,Mobile App
CUST00543,38,Male,Bengaluru,2023-08-10,3722904.5,14379.0,2,5864.0,197,35.5,14.7,2.0,18.0,1,705,37,31.2,Store
CUST00243,33,Male,Chennai,2021-09-27,659549.0,45985.0,12,4747.0,11,72.8,76.6,10.0,3.7,6,2707,60,60.2,Website
CUST00899,18,Female,Delhi,2021-08-22,1129342.0,44667.0,24,1940.0,33,88.4,79.4,1.0,12.1,5,2995,61,76.9,Website
CUST01134,55,Female,Delhi,2021-05-04,2527023.0,115684.0,6,16504.0,73,0.0,67.6,4.0,0.0,5,4379,65,38.8,Website
CUST01449,39,Male,Pune,2023-08-21,866226.0,66217.0,36,2028.0,14,40.6,98.3,18.0,4.4,5,4078,37,42.1,Mobile App
CUST01869,21,Female,Kolkata,2025-09-07,1363152.0,78665.0,26,3401.0,5,54.6,84.2,18.0,7.6,5,4013,12,67.5,Mobile App
CUST00843,18,Female,Kolkata,2022-07-05,1354776.0,62017.0,20,2560.0,12,55.1,88.4,38.0,5.3,5,2837,51,46.8,Mobile App
CUST01419,51,Female,Mumbai,2020-12-15,709763.0,10075.0,7,1674.0,101,6.5,70.0,2.0,0.0,4,2083,70,8.8,Store
CUST01654,29,Female,Delhi,2023-07-09,1018169.0,128826.0,30,2967.0,16,12.0,54.8,19.0,6.3,4,6350,38,42.9,Store
CUST01970,32,Female,Pune,2024-02-04,1218678.0,69358.0,21,2729.0,11,17.6,93.3,27.0,7.7,9,3742,31,42.4,Website
CUST00662,37,Male,Chennai,2022-11-26,572591.0,32772.0,3,13888.0,213,32.0,84.6,3.0,17.5,2,2200,46,19.2,Website
CUST01211,49,Female,Hyderabad,2021-09-23,2432014.0,153046.0,7,22056.0,42,11.1,58.0,5.0,0.0,4,6115,60,16.5,Mobile App
CUST00315,28,Male,Hyderabad,2019-12-30,1010147.0,79937.0,20,4269.0,13,82.1,38.7,15.0,3.9,5,4922,81,64.2,Mobile App
CUST00692,52,Male,Bengaluru,2022-10-06,555522.0,21773.0,3,5629.0,196,40.3,15.9,3.0,14.7,6,1089,48,21.2,Store
CUST01504,35,Female,Chennai,2022-11-09,1516229.0,43340.0,18,1989.0,20,69.2,97.2,11.0,1.4,8,2191,46,80.5,Mobile App
CUST00425,30,Female,Pune,2023-07-17,855797.0,61755.0,25,2167.0,1,31.7,89.3,26.0,3.0,3,3774,38,63.4,Mobile App
CUST00595,53,Female,Kolkata,2023-09-02,1812812.0,132369.0,26,3469.0,11,4.0,55.7,17.0,0.0,8,6470,37,58.5,Website
CUST01964,56,Female,Delhi,2024-09-16,1569764.0,113580.0,27,3506.0,14,2.5,36.8,18.0,5.8,10,4946,24,32.2,Store
CUST00623,26,Female,Delhi,2024-04-24,821595.0,31314.0,2,13645.0,141,41.7,94.1,2.0,11.0,3,1239,29,13.5,Mobile App
CUST01171,45,Female,Delhi,2024-07-18,938866.0,64887.0,13,6033.0,11,76.6,15.5,21.0,9.0,5,2775,26,74.6,Store
CUST01044,26,Male,Chennai,2023-04-16,1337812.0,51739.0,20,2010.0,18,,100.0,33.0,10.3,9,2711,41,57.8,Mobile App
CUST00228,45,Female,Mumbai,2025-06-07,1161607.0,56039.0,24,2203.0,9,15.9,96.9,35.0,5.8,6,2655,15,45.6,Mobile App
CUST01118,61,Female,Bengaluru,2020-12-02,2020678.0,137026.0,10,13791.0,55,23.0,23.4,9.0,7.4,3,6211,70,31.9,Store
CUST01332,48,Female,Mumbai,2024-07-11,822628.0,83922.0,23,4530.0,15,39.0,96.2,31.0,2.8,5,4076,26,63.3,Mobile App
CUST01316,58,Male,Mumbai,2019-01-04,2533224.0,92630.0,6,15769.0,33,25.7,13.7,4.0,8.9,4,3657,93,69.8,Store
CUST00067,29,Female,Pune,2025-10-19,582394.0,47341.0,27,1655.0,14,19.6,93.6,23.0,5.1,8,3444,11,33.5,Mobile App
CUST00025,43,Male,Hyderabad,2022-06-06,2588201.0,180957.0,9,22807.0,36,14.1,24.3,8.0,0.7,4,5934,52,50.3,Store
CUST00145,21,Female,Ahmedabad,2024-04-03,1175089.0,71188.0,20,3126.0,9,17.5,91.7,24.0,4.3,10,3745,29,68.3,Mobile App
CUST00537,26,Male,Pune,2022-05-03,1527146.0,60359.0,29,2451.0,3,22.0,96.1,32.0,17.5,6,3781,53,48.3,Website
CUST00812,60,Female,Hyderabad,2017-12-11,1443866.0,100159.0,26,4431.0,6,0.0,79.1,10.0,5.8,7,5373,106,56.9,Website
CUST01467,29,Female,Ahmedabad,2024-08-04,1338308.0,41110.0,15,2499.0,22,30.3,94.3,31.0,16.9,6,2880,25,36.6,Mobile App
CUST00086,26,Male,Bengaluru,2020-09-06,,134975.0,31,3981.0,1,19.4,30.7,9.0,7.1,11,5691,73,54.4,Website
CUST01661,43,Male,Ahmedabad,2021-06-25,2189341.0,156786.0,30,5601.0,18,23.6,71.7,11.0,8.8,8,8215,63,56.6,Store
CUST01646,24,Female,Kolkata,2025-12-09,823177.0,60537.0,22,2134.0,24,46.3,92.1,20.0,13.5,7,2726,9,73.1,Mobile App
CUST01805,59,Female,Pune,2021-01-13,2032529.0,82624.0,5,19267.0,1,22.7,24.2,,8.2,4,4301,69,39.3,Store
CUST01818,29,Male,Bengaluru,2021-07-18,927599.0,56806.0,27,2005.0,17,58.0,96.4,21.0,11.6,6,3714,62,51.6,Mobile App
CUST01577,28,Female,Ahmedabad,2022-07-31,2232162.0,148066.0,7,22495.0,43,26.6,34.1,8.0,2.3,4,5770,50,20.4,Store
CUST01145,43,Female,Ahmedabad,2023-04-26,795809.0,24556.0,18,1449.0,41,74.5,31.0,12.0,12.2,4,2853,41,74.5,Store
CUST00363,65,Female,Hyderabad,2022-04-17,1470209.0,100256.0,33,2602.0,39,10.6,56.8,20.0,6.8,9,5763,53,73.2,Website
CUST01612,53,Male,Chennai,2021-09-16,2728336.0,97296.0,7,14427.0,1,17.6,20.7,7.0,0.0,5,3637,60,34.5,Store
CUST01866,31,Female,Bengaluru,2019-07-13,686578.0,21418.0,3,5305.0,187,0.0,47.8,1.0,0.0,4,1719,87,11.1,Website
CUST01027,54,Female,Hyderabad,2020-09-25,791686.0,3000.0,7,380.0,358,75.1,71.4,3.0,10.8,7,1054,72,14.1,Mobile App
CUST01031,40,Female,Delhi,2024-07-22,1067127.0,43579.0,21,1777.0,11,15.9,100.0,25.0,7.7,7,2846,26,34.5,Mobile App
CUST01304,33,Male,Chennai,2021-10-18,836360.0,37031.0,11,3387.0,7,31.6,63.2,8.0,12.9,8,1855,59,62.8,Mobile App
CUST01356,46,Male,Hyderabad,2021-03-31,1027553.0,129501.0,26,5733.0,12,10.6,73.6,13.0,0.0,8,5977,66,57.3,Store
CUST01731,28,Male,Chennai,2019-02-12,1017974.0,15470.0,1,17319.0,147,61.9,33.0,4.0,10.6,4,1536,92,15.8,Store
CUST00666,42,Female,Kolkata,2019-02-06,2816472.0,111213.0,9,13903.0,36,28.6,33.8,6.0,3.1,2,5685,92,38.4,Website
CUST00365,24,Female,Pune,2025-04-24,1318151.0,61570.0,25,2134.0,1,16.4,97.3,29.0,10.7,6,4041,17,69.8,Website
CUST00078,32,Female,Mumbai,2024-06-28,1583573.0,61172.0,24,1708.0,1,33.5,89.8,21.0,11.3,6,2871,27,42.0,Mobile App
CUST00028,30,Female,Ahmedabad,2022-05-12,2299486.0,158919.0,23,6385.0,19,16.3,16.1,6.0,4.2,11,8066,52,56.5,Store
CUST01437,34,Female,Mumbai,2023-05-10,994102.0,65101.0,29,1934.0,26,66.0,55.9,17.0,7.7,7,4418,40,68.0,Store
CUST00526,39,Female,Delhi,2023-04-03,666014.0,45122.0,17,3128.0,40,64.1,52.0,7.0,1.6,7,3878,42,87.2,Website
CUST01835,43,Female,Kolkata,2023-11-16,705657.0,58035.0,20,2088.0,49,56.8,93.6,12.0,19.0,9,4254,34,63.4,Website
CUST00056,43,Female,Delhi,2020-07-12,1809465.0,117649.0,6,18048.0,10,11.4,17.8,9.0,4.2,3,5498,75,20.2,Store
CUST00639,40,Male,Kolkata,2021-06-23,3145369.0,70807.0,7,10172.0,99,20.4,27.4,5.0,4.0,3,3436,63,34.4,Store
CUST00303,41,Male,Delhi,2022-08-29,1231600.0,86847.0,11,7814.0,18,,93.6,34.0,5.5,7,3759,49,11.5,Website
CUST00719,34,Female,Delhi,2023-06-30,1444044.0,59494.0,22,2835.0,11,26.8,91.3,23.0,8.6,4,3609,39,53.0,Website
CUST00625,38,Female,Chennai,2021-12-30,1150950.0,6027.0,8,653.0,262,57.3,38.7,3.0,6.6,3,1192,57,21.5,Store
CUST00008,44,Male,Pune,2021-10-18,2333898.0,66416.0,6,11141.0,64,0.0,23.7,7.0,5.2,2,3018,59,42.3,Store
CUST00804,18,Female,Hyderabad,2024-03-09,630807.0,58700.0,22,2509.0,5,42.4,99.6,29.0,9.2,8,2609,30,27.3,Mobile App
CUST01050,25,Female,Ahmedabad,2023-11-10,1058093.0,48257.0,16,3478.0,37,60.0,56.7,17.0,2.8,10,2604,34,81.1,Mobile App
CUST00337,45,Male,Mumbai,2024-12-13,1640669.0,146485.0,20,6600.0,1,15.2,80.1,4.0,9.1,8,6185,21,10.0,Mobile App
CUST00048,36,Female,Bengaluru,2022-02-05,1130543.0,34036.0,21,1685.0,14,83.0,80.7,10.0,0.9,5,1673,56,59.9,Mobile App
CUST01764,35,Female,Ahmedabad,2020-09-18,1833059.0,156118.0,23,6006.0,4,9.4,50.2,10.0,5.3,8,7015,72,42.7,Website
CUST00107,25,Male,Pune,2023-03-23,1046613.0,83640.0,21,3745.0,18,31.4,83.1,30.0,0.0,6,4175,42,52.8,Mobile App
CUST00350,33,Female,Bengaluru,2019-08-28,1331495.0,99394.0,25,3390.0,11,11.7,55.0,11.0,7.6,8,5002,85,52.1,Mobile App
CUST01080,37,Male,Mumbai,2025-08-27,1492087.0,48411.0,19,2040.0,5,63.8,73.3,11.0,12.1,7,2262,12,83.2,Mobile App
CUST00239,56,Female,Bengaluru,2019-12-01,1707030.0,142610.0,15,10156.0,9,10.9,49.3,16.0,3.5,4,5839,82,58.6,Store
CUST00214,45,Male,Pune,2021-01-26,1771239.0,26474.0,2,12009.0,68,52.2,75.8,1.0,7.3,3,1871,68,8.9,Mobile App
CUST01776,37,Male,Delhi,2023-01-10,674527.0,64146.0,26,2144.0,21,33.2,85.8,33.0,8.6,8,3472,44,44.4,Mobile App
CUST01139,36,Male,Chennai,2023-10-29,1483424.0,124841.0,29,3574.0,11,8.9,61.8,18.0,4.9,8,6209,35,41.3,Mobile App
CUST00794,52,Other,Kolkata,2021-08-05,1851930.0,120911.0,28,4493.0,18,11.6,79.7,21.0,6.6,11,6497,62,65.4,Store
CUST01587,37,Male,Ahmedabad,2022-01-20,974756.0,35370.0,9,3499.0,28,57.8,39.7,21.0,0.0,7,2750,56,82.8,Mobile App
CUST01583,23,Male,Chennai,2024-11-07,679842.0,79152.0,16,4291.0,21,79.9,58.6,,4.4,4,3142,22,80.0,Store
CUST01672,41,Male,Ahmedabad,2022-01-12,832033.0,96058.0,21,4699.0,4,23.5,82.7,25.0,12.2,6,4881,56,38.8,Mobile App
CUST00524,21,Female,Hyderabad,2025-07-27,1022381.0,63534.0,18,3595.0,5,37.1,88.1,26.0,15.6,11,3666,13,33.4,Mobile App
CUST00233,54,Male,Ahmedabad,2023-06-06,1296218.0,18378.0,5,3649.0,281,57.1,80.7,4.0,19.8,4,2179,39,19.5,Website
CUST00645,26,Male,Mumbai,2023-09-03,907620.0,69104.0,18,3354.0,1,6.3,81.2,41.0,4.4,11,3518,36,47.2,Mobile App
CUST01508,28,Female,Bengaluru,2025-09-22,1349928.0,91707.0,19,5213.0,21,31.4,95.9,35.0,6.2,9,4617,11,58.5,Mobile App
CUST00534,41,Male,Pune,2025-06-25,1411504.0,91627.0,22,3127.0,28,34.4,96.4,26.0,6.3,5,4307,14,77.4,Mobile App
CUST01942,20,Female,Bengaluru,2024-05-18,1065050.0,88735.0,25,3628.0,8,12.7,87.7,27.0,1.3,9,4311,28,16.3,Mobile App
CUST00604,48,Female,Kolkata,2025-08-03,1949811.0,89237.0,4,20649.0,21,18.1,46.7,4.0,3.7,5,2880,13,27.9,Store
CUST01330,69,Male,Bengaluru,2017-10-25,2049942.0,111233.0,28,4273.0,17,16.1,66.9,20.0,7.6,6,6036,108,84.5,Store
CUST01075,36,Male,Kolkata,2018-08-21,1081515.0,14243.0,4,3115.0,191,29.3,39.5,2.0,3.4,1,583,98,7.5,Mobile App
CUST01305,37,Female,Mumbai,2023-09-11,1075061.0,4186.0,3,1076.0,164,61.4,41.3,4.0,8.4,4,772,36,10.2,Mobile App
CUST00061,30,Female,Mumbai,2025-12-05,1195400.0,55883.0,21,2466.0,15,63.9,91.4,38.0,6.2,8,3765,9,40.8,Mobile App
CUST01264,39,Male,Kolkata,2025-08-04,1126768.0,23032.0,3,6932.0,220,55.8,30.4,0.0,8.7,2,1055,13,12.6,Website
CUST00093,27,Male,Ahmedabad,2022-03-11,1233938.0,68918.0,22,3380.0,2,24.5,92.3,25.0,0.7,5,3071,55,54.2,Mobile App
CUST00667,25,Male,Kolkata,2019-07-17,831479.0,24061.0,6,4418.0,147,53.5,57.6,1.0,9.8,1,1148,87,0.0,Website
CUST00281,40,Female,Bengaluru,2023-01-01,1997538.0,94201.0,30,2952.0,2,4.4,52.8,13.0,4.0,10,5814,45,81.0,Website
CUST01114,30,Male,Bengaluru,2024-05-20,1127318.0,21187.0,4,5101.0,239,82.7,73.1,6.0,0.0,3,1308,28,16.9,Website
CUST00360,33,Other,Hyderabad,2024-10-29,1191129.0,79744.0,23,3818.0,19,12.8,91.1,17.0,8.1,10,2968,22,50.0,Website
CUST01129,29,Female,Kolkata,2022-03-07,1032321.0,96269.0,16,5960.0,6,39.3,92.7,26.0,8.4,9,5296,55,48.5,Website
CUST01170,48,Male,Mumbai,2021-12-17,2438882.0,132759.0,32,3928.0,9,9.9,82.3,8.0,3.8,10,6601,57,50.7,Mobile App
CUST00848,52,Male,Mumbai,2025-04-14,2013681.0,26658.0,5,5023.0,1,8.9,33.7,8.0,3.9,5,1080,17,23.7,Store
CUST01522,34,Male,Delhi,2023-01-05,1164557.0,63289.0,18,3512.0,1,42.6,100.0,17.0,14.1,6,2728,45,36.2,Mobile App
CUST00111,27,Male,Bengaluru,2025-09-19,1387642.0,92176.0,22,4084.0,30,29.7,90.2,33.0,7.9,7,4223,12,32.5,Mobile App
CUST00043,46,Female,Mumbai,2025-09-25,1906554.0,125732.0,9,13192.0,76,22.9,37.2,7.0,8.7,5,4782,11,34.4,Mobile App
CUST00126,39,Male,Delhi,2024-09-16,735261.0,55157.0,9,5775.0,13,28.9,88.4,35.0,10.4,7,2118,24,64.4,Website
CUST00205,33,Female,Chennai,2022-02-02,2027473.0,144430.0,33,4096.0,18,18.5,82.5,7.0,6.8,10,6388,56,36.8,Website
CUST00053,60,Male,Kolkata,2020-07-12,2345240.0,99964.0,8,13366.0,41,25.3,28.7,3.0,2.3,3,5174,75,41.7,Store
CUST00546,39,Female,Chennai,2025-03-06,1035236.0,64304.0,18,3714.0,1,30.1,90.1,26.0,9.2,6,2902,18,54.9,Mobile App
CUST00069,45,Male,Bengaluru,2020-12-29,2346967.0,165400.0,31,5519.0,16,17.2,46.0,14.0,2.5,6,8009,69,57.8,Mobile App
CUST01741,18,Male,Pune,2022-10-30,901257.0,62680.0,17,3172.0,34,97.5,85.8,10.0,7.7,2,3847,47,47.5,Mobile App
CUST01548,42,Female,Delhi,2025-05-17,1358362.0,127862.0,6,21321.0,51,,35.7,8.0,7.2,5,4505,16,25.4,Mobile App
CUST00184,45,Male,Pune,2025-03-16,,52468.0,18,2819.0,20,69.3,66.3,13.0,3.8,8,2969,18,64.7,Website
CUST00138,27,Female,Pune,2022-01-02,1329855.0,65689.0,20,2907.0,8,52.3,74.2,33.0,5.1,6,3589,57,36.6,Website
CUST00900,25,Male,Ahmedabad,2024-04-28,660752.0,44121.0,23,2041.0,19,33.6,88.5,20.0,5.7,5,2527,29,23.7,Mobile App
CUST00797,56,Female,Ahmedabad,2019-12-23,1541354.0,133645.0,35,3967.0,4,9.9,70.9,14.0,6.6,8,6196,81,34.1,Mobile App
CUST00133,37,Female,Mumbai,2025-04-15,1346581.0,80373.0,17,5453.0,17,23.0,94.0,16.0,0.0,8,4774,17,16.2,Mobile App
CUST00081,30,Male,Ahmedabad,2023-04-04,1426236.0,85537.0,21,3746.0,15,48.8,97.4,16.0,5.7,7,4567,42,62.6,Website
CUST01987,28,Female,Delhi,2023-04-28,610151.0,36890.0,19,1774.0,2,73.9,33.2,16.0,10.2,6,2507,41,82.0,Store
CUST01541,49,Male,Ahmedabad,2025-05-30,704259.0,12877.0,3,3665.0,143,34.3,79.5,2.0,0.0,4,568,15,19.3,Store
CUST00542,36,Male,Mumbai,2025-04-30,1090396.0,54991.0,18,2805.0,11,37.3,95.6,17.0,5.0,7,2500,16,54.9,Mobile App
CUST01669,34,Female,Mumbai,2021-03-13,2136757.0,106222.0,29,3583.0,8,12.5,66.9,16.0,4.9,9,6498,67,51.9,Mobile App
CUST00984,39,Male,Delhi,2023-03-06,1491762.0,90758.0,19,4211.0,15,43.9,100.0,35.0,7.1,8,4416,42,50.4,Website
CUST00166,42,Female,Delhi,2023-04-26,530132.0,36240.0,9,4445.0,9,77.0,74.1,6.0,17.9,5,1728,41,80.8,Website
CUST00249,47,Female,Pune,2021-12-09,683176.0,39978.0,12,3250.0,14,95.2,100.0,5.0,7.2,4,2439,58,72.3,Website
CUST00447,31,Male,Pune,2025-05-14,472559.0,120771.0,5,8953.0,151,37.9,40.9,3.0,14.6,3,1534,16,26.6,Website
CUST01515,31,Male,Mumbai,2024-09-22,844957.0,10598.0,5,2293.0,143,30.5,0.0,4.0,5.0,2,1253,24,15.6,Website
CUST00859,35,Female,Ahmedabad,2025-02-01,774845.0,54660.0,13,4239.0,26,53.3,55.5,12.0,13.7,8,2770,19,99.1,Mobile App
CUST01212,65,Female,Chennai,2022-08-24,888508.0,27802.0,5,4409.0,199,24.0,32.9,5.0,0.0,2,1098,49,16.3,Store
CUST00098,51,Female,Delhi,2020-06-18,2888012.0,90262.0,34,2677.0,7,17.6,28.3,22.0,7.4,8,5065,76,43.5,Website
CUST01974,35,Female,Hyderabad,2023-03-03,470547.0,33906.0,21,1619.0,9,51.4,54.9,14.0,5.9,5,2486,43,68.7,Mobile App
CUST00738,33,Male,Mumbai,2021-09-23,1216318.0,40257.0,17,2354.0,44,87.1,66.9,14.0,0.7,4,2903,60,36.9,Store
CUST01256,33,Female,Bengaluru,2023-04-27,783668.0,24611.0,6,4417.0,194,56.6,41.1,7.0,16.3,3,973,41,9.0,Website
CUST00103,30,Male,Pune,2025-09-10,576955.0,56017.0,12,4908.0,12,100.0,89.3,17.0,8.6,2,2246,12,87.2,Website
CUST00435,41,Male,Pune,2021-06-02,1375630.0,134633.0,27,4610.0,4,12.3,55.7,14.0,3.8,5,6318,64,43.0,Website
CUST00075,42,Female,Ahmedabad,2021-06-10,2116867.0,99371.0,32,3279.0,1,2.8,79.7,26.0,8.0,11,5557,64,30.1,Store
CUST01792,31,Other,Kolkata,2024-03-16,634906.0,42854.0,16,2792.0,44,83.5,26.3,14.0,11.4,6,2276,30,89.3,Website
CUST01235,38,Male,Pune,2021-04-10,939141.0,44566.0,15,2950.0,44,71.7,100.0,11.0,10.4,7,2689,66,55.8,Website
CUST00919,24,Male,Ahmedabad,2020-10-25,562939.0,46783.0,20,2288.0,32,80.0,64.1,12.0,21.1,5,2142,71,89.7,Mobile App
CUST01712,45,Male,Kolkata,2026-04-06,550981.0,29483.0,13,1978.0,1,92.8,89.1,8.0,17.6,9,1613,5,52.5,Mobile App
CUST01671,32,Male,Delhi,2022-07-24,355418.0,37932.0,19,1714.0,57,55.0,66.2,17.0,7.8,8,3889,50,85.2,Website
CUST01621,37,Female,Mumbai,2023-07-14,705792.0,54208.0,28,2081.0,36,69.3,64.2,15.0,6.9,5,3256,38,90.8,Store
CUST00763,49,Female,Pune,2021-09-05,1795585.0,130781.0,26,5636.0,16,14.3,55.2,14.0,4.7,8,6649,61,46.6,Mobile App
CUST00990,26,Male,Ahmedabad,2023-04-07,1563597.0,117178.0,7,17562.0,47,29.5,49.8,4.0,5.8,4,4441,41,34.6,Store
CUST00389,46,Male,Chennai,2020-07-25,1557462.0,102052.0,27,3579.0,16,22.9,52.2,15.0,12.4,8,5523,74,64.7,Store
CUST00236,47,Male,Bengaluru,2026-08-14,657770.0,19559.0,5,3168.0,213,22.1,19.2,5.0,9.5,4,0,1,0.0,Store
CUST01507,33,Female,Delhi,2021-12-27,1792746.0,102843.0,7,15782.0,92,27.4,39.8,5.0,8.9,1,3540,57,34.0,Website
CUST00268,49,Male,Chennai,2021-12-22,1912127.0,129093.0,22,4643.0,9,5.9,57.1,4.0,3.4,8,6826,57,45.1,Website
CUST01188,43,Male,Ahmedabad,2023-08-29,1328361.0,23610.0,4,5343.0,217,49.4,16.5,1.0,13.4,3,1385,37,10.5,Store
CUST00118,47,Female,Mumbai,2022-03-25,3188272.0,108455.0,5,19510.0,27,25.0,66.7,6.0,7.9,1,5644,54,27.4,Store
CUST01607,55,Male,Kolkata,2022-12-10,1381691.0,23637.0,5,5013.0,204,69.3,50.8,3.0,10.3,3,1998,45,0.0,Mobile App
CUST00674,46,Male,Mumbai,2024-08-23,1825004.0,40554.0,8,4622.0,39,6.5,7.7,2.0,1.1,4,3090,25,30.6,Store
CUST00250,41,Female,Delhi,2024-09-30,250000.0,50998.0,28,2111.0,1,51.8,59.4,7.0,17.6,6,2686,23,68.5,Website
CUST01453,59,Female,Kolkata,2026-08-12,927142.0,44183.0,7,7931.0,49,41.9,6.8,2.0,4.4,2,2333,1,21.2,Store
CUST01995,19,Other,Mumbai,2024-01-03,798322.0,82517.0,16,5655.0,7,59.2,94.6,21.0,7.7,9,3502,32,55.7,Website
CUST00095,40,Male,Delhi,2024-12-18,656903.0,34230.0,23,1184.0,26,85.1,60.5,12.0,11.0,7,1773,21,78.8,Store
CUST00034,29,Female,Bengaluru,2022-06-03,852856.0,73540.0,21,2783.0,18,71.4,97.1,12.0,0.0,10,4476,52,66.9,Mobile App
CUST01464,29,Male,Delhi,2023-03-20,524933.0,48843.0,20,2180.0,48,72.1,90.3,6.0,18.7,5,3180,42,87.2,Website
CUST01668,23,Female,Delhi,2023-04-19,,42201.0,23,2210.0,1,79.4,41.9,13.0,17.9,5,3339,41,71.6,Mobile App
CUST00449,41,Male,Chennai,2022-08-06,2524335.0,122073.0,30,5218.0,18,14.8,44.2,12.0,5.0,7,5199,50,69.8,Website
CUST00717,20,Female,Bengaluru,2024-10-19,468505.0,41242.0,27,1347.0,28,41.0,98.7,27.0,5.8,7,3567,23,67.3,Mobile App
CUST01810,50,Female,Ahmedabad,2019-06-21,1807200.0,145249.0,32,5294.0,8,13.3,63.0,15.0,4.2,5,6956,88,49.2,Mobile App
CUST01518,57,Female,Bengaluru,2020-02-29,876111.0,27194.0,5,6105.0,148,30.4,6.3,4.0,1.9,1,286,79,20.7,Store
CUST00001,35,Female,Delhi,2021-02-23,2844838.0,68919.0,5,12814.0,43,19.6,29.2,5.0,3.3,3,2957,67,31.3,Store
CUST01376,44,Female,Ahmedabad,2023-10-02,1881724.0,77201.0,23,3060.0,8,7.8,38.7,15.0,9.2,8,3317,36,39.5,Mobile App
CUST01102,28,Female,Bengaluru,2024-05-01,1212399.0,62288.0,23,2565.0,1,67.8,82.1,12.0,5.9,4,3753,28,81.1,Website
CUST01109,50,Male,Delhi,2024-05-25,1153057.0,16466.0,5,3402.0,180,50.6,83.0,3.0,15.0,1,1349,28,0.0,Mobile App
CUST01227,43,Male,Kolkata,2022-07-10,1740417.0,76853.0,20,4007.0,14,,87.4,19.0,5.9,5,4481,50,38.1,Website
CUST00083,43,Female,Pune,2024-02-11,1088757.0,12830.0,5,2695.0,181,57.9,26.5,2.0,0.0,2,894,31,2.8,Store
CUST01289,27,Male,Pune,2022-11-17,959109.0,59049.0,23,3253.0,10,51.3,100.0,23.0,13.7,7,3829,46,55.3,Website
CUST00677,18,Male,Mumbai,2023-01-24,552436.0,4284.0,2,2252.0,233,39.0,39.1,0.0,4.1,4,465,44,19.4,Mobile App
CUST01921,35,Female,Pune,2023-08-04,1216912.0,69679.0,18,3625.0,5,41.6,78.3,11.0,9.8,6,2709,37,73.2,Store
CUST01047,33,Female,Mumbai,2021-06-03,632235.0,45219.0,23,1500.0,38,77.1,100.0,23.0,11.9,9,4023,64,66.1,Mobile App
CUST00771,33,Male,Hyderabad,2024-08-07,1121711.0,50828.0,21,2647.0,38,67.3,72.5,13.0,2.9,4,3298,25,81.9,Website
CUST01947,28,Female,Kolkata,2023-07-07,811515.0,42050.0,14,2499.0,13,82.1,52.9,9.0,4.2,7,2623,38,68.4,Store
CUST01281,20,Female,Ahmedabad,2023-04-20,784739.0,39943.0,19,2028.0,25,88.0,45.4,12.0,10.1,7,2505,41,31.8,Website
CUST01581,54,Male,Mumbai,2021-08-20,843285.0,9572.0,7,1248.0,193,58.6,0.0,2.0,15.0,3,1139,61,3.9,Store
CUST01489,44,Female,Bengaluru,2021-05-14,250000.0,29123.0,3,9450.0,267,43.1,88.6,2.0,0.0,5,2535,65,18.9,Website
CUST00405,22,Male,Ahmedabad,2021-04-09,1431960.0,32129.0,6,5461.0,158,67.9,72.9,5.0,10.7,2,1746,66,19.3,Mobile App
CUST01728,35,Female,Kolkata,2021-08-30,658169.0,15743.0,8,1882.0,226,63.6,48.0,1.0,9.1,1,2115,61,10.1,Store
CUST01299,63,Male,Delhi,2022-05-07,1163610.0,65239.0,6,14510.0,35,26.9,49.5,2.0,0.0,4,2603,53,24.3,Mobile App
CUST01341,41,Male,Hyderabad,2019-07-05,1553365.0,72735.0,22,3516.0,23,15.7,46.3,12.0,10.6,12,5339,87,78.4,Mobile App
CUST00105,51,Male,Chennai,2020-11-12,2573179.0,113426.0,6,20484.0,51,27.4,60.2,6.0,8.2,4,4440,71,31.9,Mobile App
CUST00689,53,Male,Kolkata,2025-05-30,2884722.0,102244.0,6,18954.0,17,27.5,73.3,7.0,3.7,1,4375,15,22.5,Store
CUST01306,19,Male,Chennai,2025-03-23,849913.0,17941.0,8,2158.0,102,51.4,0.0,0.0,20.6,3,990,18,14.2,Website
CUST00827,42,Male,Hyderabad,2022-10-26,970273.0,77676.0,27,3289.0,12,51.1,90.1,27.0,0.0,7,5159,47,62.3,Mobile App
CUST00063,28,Female,Hyderabad,2023-09-05,1321889.0,112476.0,20,5340.0,3,35.5,98.9,23.0,4.5,9,5875,36,15.3,Mobile App
CUST00853,45,Male,Delhi,2021-07-13,612897.0,35456.0,6,5857.0,183,34.6,53.4,4.0,0.0,4,2362,63,0.0,Website
CUST01354,59,Female,Hyderabad,2021-02-26,958417.0,65634.0,9,7085.0,23,83.9,43.9,0.0,10.7,6,3587,67,65.6,Store
CUST00224,54,Female,Mumbai,2026-07-18,432590.0,3000.0,5,699.0,220,43.8,37.3,0.0,10.7,4,904,1,22.2,Store
CUST00146,33,Female,Pune,2022-04-10,1044069.0,40720.0,17,2146.0,14,88.8,70.6,15.0,15.8,8,2112,53,46.7,Mobile App
CUST01089,19,Female,Pune,2021-06-13,1144669.0,77843.0,24,3417.0,1,46.3,88.9,28.0,5.8,10,4601,64,28.9,Mobile App
CUST00374,35,Male,Bengaluru,2021-08-18,917384.0,72060.0,12,5758.0,9,82.0,73.7,15.0,22.8,7,3392,61,63.4,Mobile App
CUST01421,47,Female,Hyderabad,2021-05-16,2233891.0,98749.0,5,19466.0,29,13.9,19.3,9.0,5.5,7,4216,64,22.2,Store
CUST01143,38,Female,Bengaluru,2025-01-16,517563.0,30376.0,5,6424.0,147,48.4,47.1,5.0,14.4,2,901,20,0.0,Website
CUST01827,23,Male,Mumbai,2024-12-05,839447.0,60214.0,13,4339.0,13,34.6,91.3,25.0,4.2,6,4443,21,59.3,Mobile App
CUST01495,51,Female,Hyderabad,2024-02-11,1202330.0,55728.0,16,3582.0,34,71.1,50.7,16.0,3.9,5,2804,31,47.5,Store
CUST01602,52,Female,Ahmedabad,2024-04-29,1663906.0,133222.0,26,5777.0,13,0.0,63.5,9.0,6.2,8,5949,29,60.1,Store
CUST01271,33,Male,Pune,2021-03-16,1535193.0,22272.0,5,4000.0,210,78.1,41.5,0.0,22.7,4,2027,67,27.1,Website
CUST00010,22,Female,Pune,2024-01-08,860554.0,73805.0,24,3258.0,19,45.8,93.4,30.0,6.0,7,4196,32,51.4,Mobile App
CUST00450,38,Female,Ahmedabad,2024-06-08,1910590.0,61618.0,20,3298.0,13,25.1,91.0,24.0,0.0,7,2645,27,68.3,Mobile App
CUST00709,35,Male,Chennai,2021-08-03,755257.0,49714.0,16,3067.0,7,29.7,82.0,28.0,6.6,9,3279,62,55.3,Mobile App
CUST00256,51,Male,Ahmedabad,2020-07-28,2978832.0,102624.0,6,17870.0,69,0.0,52.7,15.0,3.6,4,3376,74,51.0,Mobile App
CUST00883,54,Male,Bengaluru,2022-01-07,932708.0,25760.0,2,14338.0,152,32.5,21.0,6.0,12.2,4,1837,57,11.2,Store
CUST00390,44,Female,Mumbai,2024-01-24,1610026.0,34107.0,6,6268.0,176,27.4,39.0,5.0,16.9,2,2631,32,31.6,Store
CUST00909,35,Male,Kolkata,2022-11-09,860319.0,60341.0,20,2967.0,18,59.7,57.1,10.0,7.6,7,4134,46,80.4,Store
CUST00925,23,Female,Hyderabad,2019-10-07,1709916.0,149989.0,23,7242.0,1,13.3,54.6,20.0,7.0,9,6767,84,58.0,Store
CUST01704,22,Male,Pune,2021-09-24,991645.0,62459.0,30,1823.0,21,,100.0,33.0,8.7,7,3936,60,44.1,Mobile App
CUST01233,41,Male,Pune,2021-02-13,684586.0,41770.0,20,2439.0,8,81.5,98.3,16.0,11.6,7,3306,68,86.6,Mobile App
CUST00461,49,Male,Hyderabad,2026-04-28,951399.0,61100.0,27,2756.0,13,48.6,83.6,28.0,0.0,9,3607,4,35.1,Website
CUST01270,23,Other,Bengaluru,2024-09-01,1038997.0,73670.0,18,4289.0,4,42.0,95.8,26.0,11.4,6,2728,24,71.1,Mobile App
CUST01760,32,Female,Kolkata,2023-10-31,407043.0,16154.0,6,2395.0,176,8.2,48.3,2.0,0.0,3,1408,35,27.1,Mobile App
CUST01169,60,Female,Ahmedabad,2026-01-19,979207.0,12091.0,4,2482.0,152,15.5,50.9,4.0,19.8,3,421,8,10.9,Mobile App
CUST00959,27,Male,Bengaluru,2023-11-20,690224.0,57762.0,14,3484.0,20,42.7,81.9,29.0,7.1,6,2574,34,33.0,Mobile App
CUST00502,41,Female,Bengaluru,2019-03-06,1257183.0,15290.0,1,14059.0,86,28.5,30.5,1.0,5.2,4,912,91,0.0,Store
CUST00740,35,Male,Pune,2022-02-09,762041.0,77776.0,19,5049.0,19,80.7,90.7,12.0,10.7,8,3945,56,76.0,Mobile App
CUST01850,52,Female,Pune,2021-11-10,3563981.0,87906.0,6,15196.0,9,27.0,69.2,6.0,0.7,3,3233,59,43.7,Store
CUST00869,34,Female,Bengaluru,2018-09-04,1924967.0,151700.0,36,4341.0,4,19.4,36.2,15.0,4.0,9,7073,97,58.7,Store
CUST00732,55,Female,Bengaluru,2020-01-14,2116201.0,123239.0,30,3099.0,10,7.7,63.2,21.0,5.6,11,6515,81,47.7,Mobile App
CUST00540,70,Female,Delhi,2024-05-11,964072.0,25434.0,7,3836.0,249,56.4,35.3,1.0,9.7,5,1200,28,5.4,Store
CUST01202,35,Male,Chennai,2024-02-22,758516.0,77621.0,24,2670.0,4,35.1,87.7,30.0,9.7,8,4029,31,52.6,Mobile App
CUST00698,18,Female,Kolkata,2023-06-26,1232053.0,73818.0,22,3601.0,22,37.4,96.7,25.0,13.0,9,4396,39,55.9,Mobile App
CUST01393,46,Female,Mumbai,2020-10-22,2373319.0,170979.0,27,7185.0,25,16.5,57.6,7.0,8.1,9,7843,71,40.3,Mobile App
CUST01377,30,Male,Kolkata,2022-04-04,971312.0,58667.0,23,2348.0,20,23.5,80.7,27.0,11.3,8,2969,54,37.2,Website
CUST01146,41,Male,Kolkata,2020-10-15,989725.0,73375.0,6,12843.0,12,79.8,60.8,2.0,8.7,5,2387,72,73.6,Store
CUST01032,57,Male,Mumbai,2020-12-16,2585263.0,86258.0,6,15364.0,61,18.5,51.6,3.0,10.0,1,3486,69,33.1,Website
CUST00373,23,Female,Chennai,2024-10-20,1190325.0,54799.0,15,3580.0,28,67.7,88.6,12.0,9.8,7,1999,23,70.9,Mobile App
CUST00668,54,Female,Mumbai,2025-04-10,979415.0,17371.0,5,3983.0,112,59.4,18.8,2.0,10.8,4,1620,17,18.7,Store
CUST01526,39,Female,Delhi,2020-10-16,1688104.0,135475.0,17,8244.0,14,5.9,51.9,7.0,3.9,9,6652,72,37.2,Mobile App
CUST00358,69,Male,Delhi,2021-12-19,1507919.0,117778.0,6,20415.0,40,30.4,66.3,5.0,4.6,1,4005,57,16.9,Store
CUST00968,34,Female,Ahmedabad,2023-02-12,2101468.0,138819.0,22,6734.0,19,21.3,57.1,10.0,7.6,11,6250,43,55.6,Store
CUST00784,20,Male,Mumbai,2024-12-14,1227928.0,71206.0,21,3137.0,1,33.6,87.9,44.0,6.0,6,3784,21,76.4,Mobile App
CUST00736,36,Male,Kolkata,2022-01-12,2407197.0,149041.0,6,21223.0,97,21.9,38.4,6.0,5.4,5,6534,56,27.2,Store
CUST01036,18,Male,Chennai,2022-08-09,1371024.0,54521.0,16,3669.0,9,44.5,86.5,33.0,15.2,10,2992,49,53.0,Mobile App
CUST00971,24,Male,Kolkata,2024-08-13,958378.0,36919.0,10,3195.0,15,71.2,47.2,12.0,12.0,7,2269,25,48.4,Mobile App
CUST01525,35,Male,Kolkata,2022-09-15,2119345.0,117936.0,5,24867.0,58,37.5,13.9,5.0,0.0,3,4812,48,17.8,Store
CUST01487,28,Female,Mumbai,2022-05-02,1435597.0,7496.0,7,997.0,59,50.1,69.8,4.0,6.2,5,141,53,45.1,Store
CUST01524,56,Female,Pune,2018-10-04,2554434.0,185101.0,9,17904.0,38,12.8,3.7,0.0,4.3,2,7487,96,44.2,Store
CUST01491,43,Female,Hyderabad,2021-10-13,1098106.0,102336.0,33,2913.0,1,20.0,72.9,19.0,6.0,7,6160,59,64.6,Website
CUST01643,32,Female,Ahmedabad,2024-12-26,1340613.0,70258.0,29,2662.0,2,46.4,85.4,29.0,0.0,10,3905,20,40.2,Website
CUST01253,30,Female,Pune,2022-07-31,1563758.0,141326.0,23,6367.0,9,15.9,36.2,12.0,6.0,9,6745,50,57.3,Mobile App
CUST01694,34,Female,Chennai,2022-01-22,2302281.0,122711.0,8,17052.0,7,17.3,38.6,4.0,4.7,2,5181,56,67.9,Website
CUST01750,41,Male,Kolkata,2025-06-08,740126.0,109037.0,25,4118.0,2,34.9,87.2,23.0,7.3,6,4425,15,44.5,Website
CUST01237,27,Female,Ahmedabad,2023-12-24,311276.0,57805.0,14,4442.0,35,71.6,60.5,13.0,3.3,4,2763,33,50.8,Store
CUST00886,50,Male,Delhi,2022-10-28,959868.0,91090.0,18,5643.0,12,65.3,90.2,9.0,11.3,5,4238,47,64.5,Mobile App
CUST00080,51,Female,Ahmedabad,2021-02-15,2263446.0,91759.0,6,16303.0,20,38.6,60.8,9.0,13.3,5,3795,67,37.9,Website
CUST01173,48,Male,Delhi,2024-03-07,250000.0,51803.0,13,3638.0,5,84.2,46.5,,9.9,8,1911,30,90.0,Store
CUST00815,50,Female,Ahmedabad,2018-10-19,1754180.0,114155.0,26,4005.0,25,8.3,47.9,14.0,7.0,9,6213,96,73.2,Website
CUST01286,28,Male,Delhi,2022-05-27,839962.0,33397.0,5,7563.0,228,66.4,4.6,0.0,15.0,5,2247,52,15.5,Store
CUST00672,29,Female,Kolkata,2022-10-21,,36231.0,23,1557.0,1,17.1,89.7,25.0,14.7,7,3015,47,46.1,Mobile App
CUST01532,30,Male,Delhi,2019-05-27,2435928.0,134689.0,28,5007.0,6,18.7,59.8,7.0,7.2,9,6874,88,36.3,Store
CUST00058,25,Male,Hyderabad,2022-11-04,897126.0,86174.0,26,3424.0,1,16.4,89.8,22.0,10.5,9,3678,47,35.9,Website
CUST00134,43,Female,Pune,2022-09-09,1141753.0,46847.0,18,2696.0,18,80.6,62.6,12.0,15.9,8,3645,48,93.8,Website
CUST01141,29,Male,Kolkata,2022-07-09,1234154.0,51891.0,24,1966.0,19,65.1,66.6,15.0,8.1,7,3036,50,46.7,Mobile App
CUST00934,48,Female,Ahmedabad,2021-01-16,2128144.0,285804.0,5,17289.0,17,29.9,17.9,9.0,5.9,3,3558,68,25.8,Store
CUST01685,46,Male,Kolkata,2024-05-01,2539207.0,129195.0,23,5052.0,11,13.2,32.1,13.0,6.4,10,5799,28,56.5,Store
CUST00824,24,Female,Chennai,2025-02-23,1455370.0,42058.0,24,1674.0,14,21.5,100.0,20.0,2.5,7,2813,18,48.1,Mobile App
CUST01215,34,Male,Bengaluru,2023-05-29,1501972.0,53095.0,3,18341.0,41,82.3,52.1,9.0,8.9,8,2198,40,89.9,Website
CUST00505,29,Male,Kolkata,2025-09-25,863660.0,52566.0,31,1719.0,18,48.6,100.0,24.0,8.7,7,3073,11,45.0,Mobile App
CUST01775,35,Male,Kolkata,2022-10-27,670433.0,69679.0,31,2885.0,3,13.0,87.1,23.0,16.0,7,3279,47,52.8,Mobile App
CUST00348,41,Female,Hyderabad,2025-09-07,800493.0,69283.0,16,5406.0,28,99.5,70.1,16.0,15.0,4,3127,12,86.8,Mobile App
CUST00387,61,Female,Delhi,2022-09-03,2229407.0,94496.0,5,14778.0,95,20.8,83.1,7.0,6.1,3,4668,49,41.8,Mobile App
CUST01025,27,Male,Bengaluru,2023-08-05,405943.0,87607.0,25,3568.0,18,25.1,98.8,25.0,6.9,7,4126,37,29.6,Website
CUST00895,60,Male,Mumbai,2021-10-05,1914881.0,158372.0,6,25171.0,45,18.5,34.3,9.0,6.7,6,6080,60,21.6,Store
CUST00829,44,Female,Mumbai,2021-08-13,826023.0,21940.0,6,3440.0,200,58.9,38.0,3.0,10.2,3,1371,62,14.9,Mobile App
CUST01893,18,Other,Kolkata,2025-01-14,1079397.0,59648.0,20,2881.0,30,46.7,93.4,23.0,1.1,10,2837,20,45.9,Website
CUST00476,48,Female,Delhi,2023-11-10,960506.0,24442.0,15,1766.0,37,66.5,94.2,13.0,9.4,8,1066,34,70.6,Mobile App
CUST01471,35,Female,Delhi,2020-09-23,1418865.0,18190.0,8,2344.0,109,40.1,3.2,7.0,8.0,1,2038,72,11.5,Store
CUST01448,28,Male,Chennai,2025-09-24,942090.0,59056.0,20,2947.0,17,36.1,98.7,27.0,11.5,6,3485,11,43.1,Website
CUST01582,42,Male,Ahmedabad,2023-10-12,1059201.0,38363.0,16,1957.0,47,58.8,49.0,13.0,2.9,6,1680,35,51.0,Website
CUST00653,63,Male,Mumbai,2021-11-18,2386982.0,139326.0,7,22494.0,31,11.9,37.9,5.0,5.6,5,6098,58,40.3,Store
CUST00173,35,Male,Bengaluru,2024-04-19,616146.0,47011.0,29,1640.0,33,59.7,68.2,6.0,3.0,4,3443,29,82.1,Website
CUST01150,30,Male,Pune,2023-04-20,854505.0,31245.0,5,6071.0,138,48.6,76.4,4.0,9.6,4,871,41,13.7,Website
CUST00039,29,Male,Delhi,2026-04-04,1216942.0,50682.0,19,3045.0,15,63.2,47.1,12.0,13.1,3,2472,5,80.4,Website
CUST00714,70,Female,Delhi,2026-03-08,1167075.0,10725.0,5,2344.0,156,36.7,10.6,1.0,11.3,1,300,6,16.8,Store
CUST00091,54,Male,Hyderabad,2021-03-12,2193454.0,152034.0,31,5061.0,11,12.6,53.7,9.0,2.1,7,7753,67,76.6,Mobile App
CUST01937,35,Male,Ahmedabad,2026-08-10,1110038.0,103795.0,26,4188.0,1,44.4,90.1,15.0,8.4,11,4799,1,55.5,Mobile App
CUST01206,53,Female,Pune,2019-02-24,1224576.0,154143.0,18,8456.0,17,23.4,70.6,17.0,1.9,7,6977,92,62.1,Website
CUST00876,48,Female,Mumbai,2019-12-22,1023842.0,3000.0,6,406.0,179,67.4,49.8,2.0,13.9,4,880,81,12.7,Store
CUST01352,52,Female,Pune,2022-11-06,494340.0,3000.0,5,659.0,79,32.5,49.3,1.0,14.4,4,23,46,13.5,Website
CUST01890,25,Male,Mumbai,2023-08-10,1094175.0,55315.0,18,2766.0,8,44.2,82.1,25.0,8.6,9,3504,37,46.8,Mobile App
CUST01094,30,Male,Kolkata,2024-02-11,1012991.0,34089.0,27,1435.0,24,,50.8,15.0,7.3,7,3866,31,90.9,Store
CUST01156,36,Female,Hyderabad,2022-08-25,1884703.0,99800.0,31,3552.0,3,10.7,87.9,23.0,5.4,9,5040,49,50.9,Website
CUST01782,39,Female,Kolkata,2026-02-26,1999432.0,117020.0,4,25782.0,32,32.6,40.9,3.0,6.9,3,4433,6,12.1,Mobile App
CUST01959,56,Female,Bengaluru,2023-10-16,1263377.0,19061.0,2,10484.0,150,92.6,39.6,1.0,15.5,1,397,35,0.0,Store
CUST00500,32,Female,Kolkata,2024-01-26,1120641.0,84302.0,14,5252.0,15,30.5,81.9,24.0,5.5,10,3568,32,64.5,Mobile App
CUST00339,37,Male,Kolkata,2024-12-24,1811985.0,92936.0,26,3306.0,1,9.2,44.5,14.0,6.6,8,4712,21,43.8,Mobile App
CUST01189,45,Female,Kolkata,2022-01-07,1784021.0,121888.0,27,4495.0,4,6.5,77.9,13.0,5.4,4,7148,57,38.5,Mobile App
CUST00029,29,Female,Kolkata,2021-05-22,2262411.0,99542.0,28,3452.0,4,5.3,40.3,16.0,8.0,8,5625,64,,Website
CUST01218,29,Female,Ahmedabad,2026-01-05,1074705.0,74726.0,25,3086.0,5,31.8,86.4,23.0,10.4,6,3822,8,66.6,Website
CUST01400,45,Male,Ahmedabad,2024-03-25,991090.0,29970.0,21,1447.0,7,69.5,89.5,12.0,6.4,8,1823,30,,Mobile App
CUST01821,32,Female,Hyderabad,2022-02-19,731646.0,31209.0,5,6452.0,228,71.0,100.0,4.0,11.2,1,1561,55,12.6,Website
CUST00946,53,Female,Hyderabad,2023-07-30,804899.0,81753.0,28,3969.0,35,96.9,100.0,15.0,10.1,7,4192,38,70.2,Website
CUST00170,43,Male,Chennai,2021-04-25,250000.0,40809.0,5,8730.0,141,18.2,34.2,2.0,16.8,2,2050,65,6.1,Store
CUST01405,24,Male,Hyderabad,2022-09-10,821558.0,93045.0,28,3691.0,19,51.8,89.0,10.0,15.6,5,5211,48,58.4,Mobile App
CUST01198,29,Female,Hyderabad,2025-05-10,1251352.0,61071.0,27,2124.0,27,6.6,94.2,32.0,4.8,9,3498,16,58.7,Mobile App
CUST01254,27,Female,Mumbai,2023-04-02,1237209.0,78483.0,34,2215.0,11,32.2,87.5,20.0,5.2,8,4366,42,52.7,Mobile App
CUST01614,18,Male,Chennai,2024-03-18,598423.0,51662.0,15,3910.0,20,89.6,44.8,13.0,16.9,6,3358,30,80.9,Mobile App
CUST00913,25,Male,Chennai,2020-06-19,725120.0,25297.0,5,5096.0,151,56.2,37.1,6.0,2.1,6,1813,75,8.8,Website
CUST00492,33,Male,Pune,2024-10-19,1083239.0,44279.0,24,1785.0,22,40.9,95.1,23.0,9.5,6,2673,23,39.5,Website
CUST00954,56,Female,Kolkata,2019-11-30,2632688.0,139202.0,30,4506.0,4,12.0,70.6,18.0,7.2,9,7294,82,66.8,Website
CUST01098,32,Female,Delhi,2022-12-16,804971.0,24462.0,7,2874.0,176,42.8,61.4,1.0,6.8,4,1375,45,18.1,Website
CUST01033,22,Male,Ahmedabad,2024-09-17,1137412.0,41263.0,31,1499.0,6,,100.0,25.0,3.5,2,2926,24,76.3,Mobile App
CUST00588,31,Female,Hyderabad,2021-10-08,731711.0,68610.0,24,2568.0,59,70.9,56.0,13.0,14.5,4,4120,60,69.5,Store
CUST00751,26,Male,Mumbai,2023-10-21,804741.0,40457.0,17,2346.0,10,96.1,60.3,2.0,16.0,7,3430,35,61.4,Website
CUST00658,24,Female,Pune,2024-11-15,773844.0,73000.0,19,4889.0,1,70.8,69.6,23.0,1.4,3,3884,22,80.2,Store
CUST00235,39,Female,Ahmedabad,2025-09-11,1084807.0,25140.0,5,5111.0,108,51.1,38.2,3.0,18.2,7,1149,12,0.7,Store
CUST00733,45,Female,Bengaluru,2019-10-02,2130951.0,117164.0,24,4837.0,26,17.7,49.0,10.0,8.5,9,6410,84,66.4,Website
CUST01989,48,Male,Bengaluru,2026-07-25,1356096.0,20252.0,5,4287.0,127,35.3,84.1,2.0,8.4,6,941,1,13.9,Mobile App
CUST01633,22,Male,Bengaluru,2026-07-12,1513362.0,51159.0,27,1990.0,20,62.3,95.8,17.0,11.2,10,2915,2,58.2,Mobile App
CUST01157,52,Female,Mumbai,2022-10-17,1796437.0,57569.0,26,1844.0,25,7.7,84.1,3.0,2.6,10,3750,47,43.3,Mobile App
CUST01470,46,Female,Chennai,2020-05-30,1686640.0,184081.0,32,4589.0,16,9.3,100.0,10.0,5.2,10,8503,76,66.9,Mobile App
CUST01425,28,Male,Ahmedabad,2021-04-25,1090903.0,58857.0,17,3615.0,3,77.0,44.1,10.0,3.8,5,3208,65,76.7,Website
CUST01628,36,Female,Ahmedabad,2021-09-01,1115398.0,34910.0,18,2202.0,45,67.1,74.7,21.0,0.0,7,2836,61,62.7,Mobile App
CUST00935,42,Female,Hyderabad,2021-11-13,2185741.0,95233.0,3,31978.0,1,23.2,43.4,11.0,1.0,3,4233,58,31.4,Website
CUST01210,46,Male,Hyderabad,2022-09-17,685218.0,51553.0,15,3504.0,15,64.7,57.4,11.0,10.5,6,2958,48,66.4,Store
CUST01066,50,Female,Mumbai,2024-10-15,1102877.0,30133.0,7,5099.0,205,42.1,57.2,2.0,2.2,6,2141,23,17.8,Mobile App
CUST00109,32,Male,Mumbai,2021-11-28,1651774.0,126066.0,36,3295.0,4,8.7,85.9,13.0,7.2,5,6915,58,30.1,Mobile App
CUST01543,23,Female,Pune,2023-08-30,521451.0,51759.0,15,3362.0,21,69.6,69.5,10.0,6.6,2,3738,37,69.3,Mobile App
CUST00569,36,Female,Ahmedabad,2024-03-08,905042.0,63382.0,18,3711.0,24,62.2,100.0,12.0,10.0,7,2811,30,68.1,Mobile App
CUST01168,23,Male,Ahmedabad,2025-01-30,1004404.0,72058.0,23,3240.0,9,25.1,96.8,40.0,5.6,6,2843,19,49.4,Mobile App
CUST01175,30,Female,Mumbai,2025-06-27,1077431.0,43943.0,18,2206.0,7,41.5,98.6,32.0,11.7,7,2788,14,47.2,Mobile App
CUST00891,49,Male,Chennai,2024-06-03,1100177.0,38699.0,14,1973.0,22,81.6,85.0,19.0,12.4,6,1711,27,55.6,Mobile App
CUST00948,43,Male,Kolkata,2025-08-02,628857.0,7471.0,4,1699.0,192,59.8,68.3,1.0,12.5,4,627,13,11.2,Mobile App
CUST01049,42,Male,Delhi,2023-05-17,829119.0,28987.0,6,4103.0,213,67.9,35.6,6.0,0.0,3,642,40,0.0,Store
CUST01353,31,Male,Chennai,2022-03-02,1043798.0,73312.0,18,4224.0,11,71.5,62.7,14.0,17.5,8,4010,55,61.2,Mobile App
CUST01778,18,Male,Pune,2024-08-06,1368160.0,60612.0,24,2446.0,18,33.6,87.9,26.0,9.3,6,2832,25,57.7,Website
CUST01447,24,Female,Mumbai,2024-09-28,479603.0,13658.0,3,4215.0,129,74.3,44.2,5.0,14.5,1,1146,23,18.9,Store
CUST00885,34,Female,Pune,2024-07-09,852247.0,48000.0,25,1921.0,24,97.6,69.9,13.0,8.3,7,3175,26,70.2,Website
CUST01673,64,Female,Bengaluru,2022-05-15,2356949.0,90888.0,4,26195.0,34,13.7,35.4,9.0,10.2,4,3599,52,27.9,Store
CUST00851,52,Male,Delhi,2023-01-06,1477430.0,88285.0,20,4722.0,3,13.8,45.5,9.0,4.2,10,4158,44,45.1,Mobile App
CUST00735,32,Male,Delhi,2022-08-27,1466999.0,132110.0,17,7687.0,15,20.0,42.8,8.0,4.6,7,6078,49,37.2,Mobile App
CUST00718,47,Female,Mumbai,2023-06-01,1022708.0,81414.0,34,2234.0,21,1.6,38.1,17.0,2.5,8,4898,40,28.8,Website
CUST00455,35,Female,Mumbai,2023-11-23,1568142.0,97196.0,30,3244.0,1,9.5,47.8,18.0,7.3,6,5297,34,69.3,Store
CUST00265,39,Female,Hyderabad,2023-07-08,887407.0,28409.0,1,29108.0,183,42.1,79.2,5.0,1.2,5,1241,38,3.9,Store
CUST00076,41,Female,Mumbai,2022-01-16,472283.0,45267.0,26,1516.0,41,84.4,56.3,16.0,14.5,7,2775,56,50.7,Store
CUST01658,50,Male,Ahmedabad,2023-09-30,879550.0,24333.0,4,5168.0,299,61.6,64.6,0.0,9.4,4,1130,36,30.9,Website
CUST00445,20,Male,Mumbai,2024-03-15,654425.0,27238.0,21,1135.0,36,76.0,85.4,10.0,7.7,3,2005,30,100.0,Mobile App
CUST00396,31,Female,Mumbai,2024-09-27,878245.0,85846.0,31,2575.0,12,10.1,95.5,25.0,6.5,8,5318,23,43.7,Mobile App
CUST00177,33,Female,Mumbai,2025-03-14,984248.0,57971.0,23,2015.0,28,43.1,85.3,30.0,4.9,6,3900,18,45.4,Mobile App
CUST01043,28,Female,Chennai,2023-11-16,1247463.0,79680.0,30,2682.0,23,29.2,82.8,24.0,9.8,9,4448,34,56.8,Mobile App
CUST01736,41,Female,Hyderabad,2023-04-09,3381140.0,130263.0,9,16208.0,48,4.8,23.0,4.0,2.4,3,5902,41,37.0,Store
CUST01402,45,Female,Ahmedabad,2024-09-22,1209064.0,142543.0,35,4799.0,9,25.3,58.8,13.0,6.5,8,6022,24,67.3,Website
CUST01381,19,Female,Hyderabad,2023-12-28,1672742.0,54081.0,15,3729.0,15,33.1,100.0,24.0,5.5,8,2914,33,51.7,Mobile App
CUST00596,31,Female,Bengaluru,2023-11-01,1584011.0,33718.0,15,2491.0,1,83.0,73.8,16.0,0.0,9,2255,34,86.7,Website
CUST00062,41,Male,Mumbai,2023-04-15,1082287.0,113024.0,20,5131.0,1,18.3,100.0,33.0,5.7,9,5051,41,79.5,Mobile App
CUST01297,36,Male,Pune,2019-07-17,1325474.0,109174.0,19,6087.0,13,6.4,65.2,18.0,7.9,9,5531,87,75.8,Website
CUST00873,49,Female,Bengaluru,2024-12-25,1411415.0,29260.0,5,6154.0,245,29.8,36.1,0.0,16.9,4,1905,20,14.4,Mobile App
CUST01490,28,Female,Pune,2026-07-20,1048467.0,49810.0,25,2089.0,7,32.0,82.3,35.0,8.0,9,2894,1,48.9,Mobile App
CUST01879,30,Other,Bengaluru,2025-06-10,1150123.0,78699.0,19,4315.0,17,46.4,92.3,26.0,6.1,6,3284,15,43.2,Website
CUST00279,36,Other,Ahmedabad,2023-11-04,824553.0,32716.0,1,40438.0,163,87.0,0.0,3.0,3.7,3,1006,34,19.3,Store
CUST00037,44,Male,Bengaluru,2023-01-24,1997782.0,79760.0,29,3501.0,20,16.5,84.5,16.0,4.8,9,5134,44,40.5,Website
CUST01976,51,Female,Hyderabad,2021-12-09,734650.0,34778.0,19,2114.0,35,63.9,34.3,13.0,12.9,1,1537,58,47.5,Website
CUST00663,27,Female,Pune,2021-12-04,998861.0,48713.0,19,2590.0,13,64.5,60.3,14.0,8.5,9,2611,58,72.3,Website
CUST01954,40,Male,Delhi,2021-07-05,798428.0,27552.0,4,6266.0,228,31.2,29.8,1.0,0.6,4,1802,63,4.6,Store
CUST01445,37,Male,Ahmedabad,2022-04-12,935358.0,38981.0,22,1732.0,40,50.0,79.9,19.0,16.4,10,2334,53,75.7,Mobile App
CUST00978,31,Female,Pune,2024-10-01,909044.0,42686.0,13,3351.0,15,63.2,79.4,16.0,5.2,6,2237,23,43.9,Website
CUST01572,35,Female,Kolkata,2023-04-10,1192439.0,81501.0,17,5357.0,18,33.9,99.6,34.0,9.7,7,4046,41,65.8,Website
CUST00739,49,Male,Mumbai,2025-10-15,818945.0,54019.0,15,3660.0,13,65.9,63.6,22.0,8.5,4,2776,11,69.9,Store
CUST00192,42,Female,Pune,2025-05-26,878647.0,36328.0,19,2029.0,21,77.9,75.3,20.0,13.7,6,2372,15,59.0,Mobile App
CUST00920,22,Female,Ahmedabad,2024-07-02,1326877.0,87730.0,28,2990.0,18,20.2,94.5,39.0,7.3,8,4485,26,39.9,Mobile App
CUST00457,48,Female,Mumbai,2026-01-12,1284796.0,10711.0,2,5353.0,159,95.2,74.1,2.0,10.5,4,483,8,24.3,Store
CUST00676,18,Male,Pune,2022-10-01,949131.0,41202.0,24,1830.0,19,66.8,92.0,18.0,4.9,6,2924,48,62.5,Mobile App
CUST00761,32,Female,Pune,2022-06-13,2112964.0,148870.0,5,27643.0,16,11.8,31.4,6.0,0.2,6,6638,51,62.7,Store
CUST01808,26,Male,Pune,2023-05-06,965974.0,78380.0,21,3333.0,30,29.2,79.6,30.0,0.0,9,4476,40,73.6,Store
CUST01603,59,Male,Kolkata,2019-04-03,2111404.0,135391.0,6,26074.0,28,15.6,28.7,3.0,3.9,3,6019,90,15.8,Store
CUST00729,34,Male,Ahmedabad,2025-11-14,870921.0,47917.0,19,2427.0,23,60.6,90.7,19.0,6.8,8,2681,10,54.4,Mobile App
CUST00413,42,Male,Mumbai,2024-07-17,1582768.0,117634.0,24,5424.0,20,2.1,40.1,13.0,9.8,10,4818,26,75.3,Website
CUST01099,29,Male,Pune,2025-05-26,1103720.0,34679.0,4,7913.0,125,29.2,6.4,7.0,5.3,2,2232,15,8.5,Store
CUST00826,30,Female,Bengaluru,2021-09-06,1273830.0,63095.0,26,2202.0,6,5.7,64.0,13.0,0.7,12,3779,61,38.8,Store
CUST01640,36,Female,Ahmedabad,2024-08-05,2990122.0,150300.0,6,26263.0,40,25.8,21.5,5.0,4.6,7,5713,25,50.9,Store
CUST00617,48,Female,Chennai,2023-09-13,1983261.0,92008.0,7,15012.0,1,22.0,77.9,4.0,0.0,5,3373,36,24.2,Store
CUST00115,39,Female,Mumbai,2018-05-05,1682053.0,106854.0,21,4225.0,13,0.0,39.0,18.0,0.2,5,5814,101,,Store
CUST00418,35,Male,Chennai,2021-10-06,2077499.0,124660.0,9,13519.0,56,14.0,43.4,4.0,2.3,5,5823,60,57.8,Mobile App
CUST01911,34,Male,Bengaluru,2021-02-24,2441622.0,90349.0,27,3649.0,10,22.2,92.0,21.0,4.6,9,5812,67,44.4,Website
CUST00970,26,Male,Delhi,2022-05-11,282899.0,40466.0,11,3356.0,19,76.9,66.5,22.0,11.4,10,1790,52,,Mobile App
CUST00605,56,Male,Hyderabad,2021-11-16,1222031.0,3000.0,2,1607.0,255,37.9,79.5,4.0,9.8,1,870,58,0.5,Mobile App
CUST01919,22,Female,Ahmedabad,2025-09-25,1129215.0,86812.0,20,4170.0,22,24.9,85.0,25.0,8.4,10,3437,11,47.5,Mobile App
CUST00090,39,Male,Ahmedabad,2026-08-15,531204.0,95579.0,27,2884.0,22,30.1,99.7,31.0,1.8,8,4577,1,44.4,Mobile App
CUST00849,52,Female,Bengaluru,2017-11-24,1606793.0,99507.0,22,4667.0,13,24.7,65.4,13.0,4.4,8,5383,107,73.5,Mobile App
CUST01520,40,Female,Pune,2023-05-21,,83421.0,19,4478.0,33,73.2,73.4,16.0,4.7,6,4177,40,76.7,Store
CUST01918,50,Female,Bengaluru,2018-02-06,1931677.0,109663.0,8,13890.0,52,37.8,42.3,10.0,6.9,6,4974,104,3.3,Store
CUST00754,37,Male,Hyderabad,2024-03-09,,65566.0,14,5067.0,24,36.7,85.5,25.0,7.6,6,3172,30,20.0,Mobile App
CUST00499,19,Male,Chennai,2022-01-18,704689.0,81317.0,27,2849.0,32,65.9,35.5,13.0,9.8,8,4158,56,65.0,Mobile App
CUST01277,34,Male,Ahmedabad,2020-05-13,596076.0,44600.0,24,2010.0,25,71.8,96.8,12.0,13.9,6,3167,77,79.3,Mobile App
CUST01326,42,Male,Delhi,2020-12-06,1039599.0,9268.0,5,1694.0,242,45.2,61.6,3.0,13.5,4,1301,70,15.6,Store
CUST00012,37,Male,Bengaluru,2021-05-07,1846395.0,25942.0,4,5945.0,100,26.0,66.5,2.0,8.8,3,1720,65,4.4,Store
CUST00397,42,Female,Ahmedabad,2026-07-18,504700.0,6377.0,6,1150.0,204,36.4,51.8,3.0,11.6,4,295,1,9.8,Website
CUST00285,42,Male,Delhi,2021-11-12,1563983.0,85908.0,20,4141.0,17,52.0,89.5,23.0,14.5,7,5406,58,25.6,Website
CUST01067,29,Female,Mumbai,2019-02-16,784787.0,67552.0,22,3023.0,35,60.3,45.8,17.0,2.6,6,3559,92,74.9,Store
CUST01192,24,Male,Kolkata,2022-10-25,983066.0,58490.0,13,4493.0,22,83.9,49.2,12.0,14.8,4,3231,47,51.8,Website
CUST01745,46,Male,Chennai,2024-03-01,1736037.0,91998.0,4,25758.0,32,33.0,80.7,3.0,2.0,3,4077,30,14.0,Mobile App
CUST00691,41,Male,Pune,2023-11-02,1122599.0,36376.0,15,2227.0,1,76.2,61.9,11.0,7.2,4,2393,34,84.7,Store
CUST01753,36,Male,Ahmedabad,2021-08-07,1035605.0,17234.0,4,4732.0,210,27.0,30.1,0.0,3.1,3,1331,62,4.7,Store
CUST01876,40,Other,Chennai,2023-07-26,2122272.0,106348.0,4,26294.0,2,22.7,18.3,7.0,0.7,2,3974,38,47.1,Store
CUST00690,38,Male,Delhi,2023-10-21,917528.0,78143.0,23,3766.0,22,45.1,91.8,15.0,6.1,7,4056,35,36.2,Website
CUST00852,34,Female,Ahmedabad,2024-07-26,1074364.0,62443.0,15,5313.0,26,73.7,69.3,16.0,10.7,9,3559,26,79.8,Website
CUST00160,46,Female,Hyderabad,2021-10-18,1798772.0,103237.0,4,26336.0,23,15.6,23.1,9.0,5.3,3,4300,59,26.8,Store
CUST00896,29,Female,Pune,2024-09-10,1439294.0,23367.0,5,5542.0,124,33.8,37.7,3.0,0.1,3,941,24,6.9,Store
CUST01576,44,Female,Bengaluru,2024-10-09,355484.0,70912.0,23,3271.0,15,75.5,70.0,20.0,0.3,7,4054,23,80.4,Website
CUST00258,57,Male,Bengaluru,2020-08-04,1477125.0,119050.0,22,6055.0,12,26.7,26.3,13.0,8.8,5,6023,74,73.3,Store
CUST00336,28,Male,Ahmedabad,2024-09-09,1198795.0,55026.0,22,2594.0,21,12.1,90.7,25.0,11.1,3,3086,24,40.3,Mobile App
CUST01880,35,Male,Pune,2024-07-20,1311969.0,86561.0,19,5309.0,10,36.1,91.7,18.0,5.4,3,3399,26,38.8,Website
CUST01040,39,Female,Mumbai,2021-06-17,2781950.0,97596.0,20,4633.0,1,6.7,51.4,19.0,4.9,8,4627,63,20.3,Store
CUST00516,52,Male,Ahmedabad,2021-10-07,1491378.0,113261.0,21,5850.0,25,10.3,22.6,16.0,6.3,10,5392,60,49.4,Store
CUST01349,48,Male,Chennai,2021-08-26,726407.0,74967.0,14,6592.0,12,62.5,32.7,13.0,15.2,8,4125,61,80.2,Website
CUST01016,40,Female,Chennai,2020-06-29,2612417.0,131635.0,30,4145.0,18,21.8,69.0,22.0,5.5,8,6626,75,76.6,Mobile App
CUST00769,41,Male,Bengaluru,2023-12-10,2272814.0,96191.0,27,3316.0,5,3.4,56.8,24.0,2.4,8,4620,33,33.1,Website
CUST01747,60,Female,Chennai,2021-10-27,1992443.0,112797.0,7,16909.0,93,18.8,28.4,8.0,2.9,4,4365,59,40.0,Store
CUST00762,39,Male,Pune,2022-09-18,1622223.0,101968.0,22,4635.0,8,12.1,29.2,26.0,4.2,8,4941,48,51.0,Store
CUST01247,32,Male,Mumbai,2024-05-11,1333222.0,60977.0,21,3252.0,22,23.5,85.6,25.0,12.1,10,2468,28,36.6,Website
CUST01204,31,Other,Hyderabad,2023-03-22,2451360.0,83548.0,5,20458.0,7,19.2,37.6,6.0,6.6,3,3980,42,37.2,Store
CUST01468,45,Female,Delhi,2022-01-11,1228176.0,31576.0,21,1012.0,18,83.9,45.2,16.0,12.8,8,2460,56,68.8,Website
CUST01984,39,Male,Kolkata,2023-06-20,1282673.0,47412.0,16,2944.0,7,56.6,100.0,13.0,17.2,5,2640,39,82.2,Website
CUST00522,41,Male,Chennai,2022-10-06,1238830.0,51489.0,19,3013.0,1,68.1,41.0,15.0,8.0,4,3552,48,89.5,Store
CUST00023,43,Male,Mumbai,2020-08-22,1249886.0,12979.0,2,6693.0,266,42.4,33.7,3.0,24.6,4,1033,73,19.6,Store
CUST00357,52,Male,Pune,2022-11-21,1658851.0,111414.0,6,16668.0,29,21.6,44.9,6.0,3.8,4,5865,46,30.0,Mobile App
CUST01278,45,Female,Chennai,2020-03-15,1559917.0,111596.0,27,4159.0,7,12.1,89.3,18.0,11.3,7,6825,79,,Mobile App
CUST01313,27,Female,Hyderabad,2024-11-25,680795.0,68722.0,21,3342.0,1,40.9,95.3,22.0,5.4,9,3503,21,,Mobile App
CUST01683,18,Female,Pune,2020-12-22,2788874.0,143475.0,5,23895.0,57,34.4,6.9,7.0,7.1,5,5444,69,24.3,Store
CUST00341,32,Male,Bengaluru,2019-07-21,1546388.0,102378.0,24,4794.0,1,22.3,45.4,11.0,1.5,11,4705,87,53.4,Website
CUST00432,75,Female,Chennai,2023-08-03,3031922.0,88040.0,7,13593.0,46,8.7,16.8,6.0,6.4,2,4400,37,36.0,Website
CUST00474,58,Male,Delhi,2021-12-26,2086380.0,186537.0,23,6394.0,9,12.1,53.0,18.0,8.2,8,7849,57,62.8,Mobile App
CUST00218,51,Female,Pune,2020-09-27,1000490.0,141851.0,37,2916.0,14,22.6,8.1,20.0,5.0,3,7498,72,72.3,Store
CUST00912,50,Female,Delhi,2020-09-15,252241.0,30484.0,9,4524.0,194,51.6,13.6,4.0,17.6,3,811,73,4.4,Store
CUST01228,22,Male,Hyderabad,2025-07-05,1406917.0,92743.0,13,8643.0,11,24.9,96.2,28.0,6.8,7,3288,14,56.4,Mobile App
CUST01597,18,Female,Kolkata,2024-10-26,591326.0,52932.0,14,3263.0,20,74.6,89.2,13.0,3.3,9,2718,23,90.2,Website
CUST01012,32,Female,Hyderabad,2024-08-21,912065.0,55443.0,20,3135.0,22,49.4,86.9,30.0,7.0,5,3816,25,27.8,Mobile App
CUST01950,48,Male,Bengaluru,2020-06-13,1103979.0,14325.0,4,3150.0,84,73.3,9.2,5.0,11.5,1,1471,76,9.7,Store
CUST00094,48,Male,Hyderabad,2023-10-26,941502.0,59069.0,11,5974.0,20,70.0,80.5,9.0,9.9,7,2517,35,74.1,Website
CUST01009,52,Male,Ahmedabad,2022-09-17,1931976.0,100924.0,5,22123.0,66,9.2,49.0,7.0,1.5,6,4168,48,14.1,Store
CUST01071,63,Female,Chennai,2021-11-27,546522.0,23434.0,3,7138.0,209,46.5,33.7,0.0,0.0,1,964,58,17.4,Store
CUST01093,34,Male,Mumbai,2023-02-04,1008997.0,48640.0,18,2553.0,19,86.6,39.0,11.0,0.0,4,3426,44,73.0,Mobile App
CUST01915,49,Female,Kolkata,2023-09-17,1168659.0,120113.0,21,5950.0,1,8.1,36.9,19.0,5.0,5,5550,36,58.1,Website
CUST01309,52,Male,Kolkata,2022-12-27,1791713.0,118070.0,34,2930.0,4,22.0,46.5,16.0,5.5,7,7003,45,49.5,Website
CUST00697,58,Female,Hyderabad,2022-03-10,3344086.0,86362.0,7,12619.0,52,16.8,79.0,5.0,7.7,5,3729,55,47.2,Website
CUST01828,27,Male,Bengaluru,2024-01-29,1568711.0,87956.0,13,5936.0,20,32.2,88.4,16.0,7.5,3,3847,32,59.7,Mobile App
CUST00997,25,Female,Bengaluru,2023-12-16,1644003.0,70529.0,19,3048.0,1,58.3,88.1,41.0,8.6,7,3694,33,83.5,Mobile App
CUST00154,27,Female,Kolkata,2023-09-20,1472849.0,72460.0,18,4506.0,19,25.2,87.2,30.0,14.1,10,3005,36,55.4,Mobile App
CUST01100,42,Female,Delhi,2024-10-27,1699675.0,138991.0,28,4936.0,10,2.2,28.0,11.0,1.7,9,6280,22,48.3,Store
CUST01719,32,Female,Chennai,2023-03-23,1021036.0,69961.0,16,4014.0,8,33.3,90.1,28.0,1.5,5,3552,42,34.7,Mobile App
CUST01998,33,Female,Kolkata,2024-01-26,,46984.0,19,2306.0,19,100.0,86.4,22.0,5.1,2,3281,32,100.0,Website
CUST00790,39,Male,Chennai,2024-09-03,1212543.0,57103.0,21,2763.0,10,33.1,93.9,27.0,1.4,3,3753,24,57.0,Mobile App
CUST00581,37,Female,Bengaluru,2026-05-02,916522.0,59646.0,18,2861.0,15,40.9,91.1,27.0,12.1,10,2698,4,58.4,Website
CUST00704,24,Female,Mumbai,2026-07-20,1115076.0,32266.0,6,5766.0,145,41.0,65.5,3.0,1.1,4,1183,1,14.5,Store
CUST01213,27,Female,Ahmedabad,2024-12-20,756594.0,62262.0,24,2522.0,15,52.3,98.5,28.0,0.0,6,3532,21,36.1,Website
CUST01296,24,Male,Kolkata,2022-05-22,1336171.0,36383.0,15,2534.0,9,71.4,75.3,6.0,7.9,7,2471,52,59.4,Mobile App
CUST01666,22,Male,Hyderabad,2023-03-06,911097.0,30236.0,7,4105.0,120,50.9,69.7,5.0,13.3,3,2265,42,14.4,Store
CUST01261,44,Other,Delhi,2023-03-19,1721931.0,142561.0,28,5321.0,14,18.9,68.0,15.0,0.0,9,7252,42,53.7,Mobile App
CUST00488,39,Male,Delhi,2026-08-01,650762.0,59916.0,22,2531.0,12,73.3,48.9,7.0,14.2,5,2971,1,94.5,Mobile App
CUST00560,21,Male,Pune,2023-11-04,1399979.0,34621.0,18,1951.0,6,54.5,95.9,21.0,13.1,4,2642,34,55.8,Website
CUST01142,24,Male,Chennai,2020-01-01,,73068.0,7,11447.0,26,0.0,26.5,7.0,0.0,5,2365,81,25.7,Store
CUST01120,41,Female,Kolkata,2022-05-04,822746.0,33439.0,4,8997.0,276,30.3,63.7,5.0,14.5,5,1213,53,23.1,Mobile App
CUST00802,21,Male,Mumbai,2023-07-08,425543.0,49973.0,14,3031.0,46,66.4,51.3,13.0,5.9,5,2756,38,83.2,Website
CUST00513,56,Female,Pune,2023-09-30,1930696.0,110485.0,26,4803.0,14,18.5,31.6,,7.9,8,4596,36,70.8,Website
CUST00634,61,Female,Delhi,2024-02-06,932843.0,58964.0,16,3430.0,24,86.3,34.8,7.0,7.8,9,3679,31,74.2,Store
CUST01922,40,Female,Hyderabad,2025-07-14,934941.0,52694.0,23,2475.0,40,71.8,76.4,5.0,14.3,6,2607,14,61.8,Website
CUST01788,61,Female,Delhi,2026-08-02,2354380.0,140214.0,2,86469.0,39,21.4,36.6,9.0,4.4,2,4699,1,53.6,Mobile App
CUST01546,22,Female,Bengaluru,2026-04-04,1329479.0,51418.0,18,2579.0,1,76.3,37.9,9.0,3.0,9,2204,5,50.3,Store
CUST01151,52,Female,Bengaluru,2023-01-16,1475279.0,80715.0,24,2741.0,18,14.4,44.5,20.0,7.9,6,3250,44,63.0,Mobile App
CUST00791,45,Male,Hyderabad,2024-02-16,537087.0,52257.0,24,2249.0,8,80.7,40.0,23.0,5.0,2,4436,31,31.3,Mobile App
CUST00117,43,Male,Chennai,2020-07-28,1639027.0,124975.0,6,23050.0,72,25.9,13.6,2.0,1.7,2,5434,74,,Store
CUST00741,36,Male,Mumbai,2020-12-21,1393140.0,145743.0,22,7275.0,22,15.8,48.2,23.0,0.6,11,7129,69,23.9,Mobile App
CUST01691,40,Male,Pune,2022-09-17,1677058.0,186016.0,6,30221.0,46,25.5,58.3,9.0,0.0,5,6258,48,15.1,Mobile App
CUST01082,38,Female,Kolkata,2022-12-21,1598169.0,31956.0,6,5576.0,311,36.4,4.7,4.0,0.0,3,2660,45,8.0,Store
CUST00831,20,Male,Ahmedabad,2023-01-24,1222187.0,62447.0,23,2527.0,13,,89.0,31.0,8.6,7,3332,44,44.7,Mobile App
CUST00120,31,Female,Delhi,2024-06-30,1170379.0,100614.0,19,5484.0,2,38.1,90.2,32.0,10.1,8,4181,26,42.3,Mobile App
CUST00657,45,Male,Bengaluru,2020-11-28,595985.0,28816.0,5,5429.0,188,28.7,39.4,7.0,7.6,1,1490,70,7.8,Mobile App
CUST01908,34,Male,Kolkata,2023-12-08,1899576.0,75826.0,21,2897.0,26,12.8,96.9,9.0,7.4,7,4068,33,78.5,Mobile App
CUST00636,35,Female,Hyderabad,2022-01-24,2530997.0,176694.0,28,8272.0,5,7.2,35.5,11.0,4.3,12,8462,56,42.1,Store
CUST00370,28,Male,Mumbai,2025-01-05,917985.0,25681.0,2,13607.0,170,28.3,74.4,2.0,1.3,3,1072,20,23.4,Store
CUST00269,42,Female,Kolkata,2019-12-25,1454420.0,105772.0,32,3139.0,27,4.3,57.2,16.0,0.0,8,6415,81,61.8,Website
CUST00656,27,Male,Chennai,2025-05-07,673846.0,39572.0,14,3333.0,15,71.1,63.0,17.0,0.7,6,1824,16,63.6,Store
CUST00936,26,Male,Delhi,2022-12-11,732136.0,31928.0,20,1934.0,14,77.2,26.1,14.0,8.0,4,1555,45,81.2,Store
CUST00823,36,Male,Bengaluru,2018-12-15,526839.0,44552.0,23,1888.0,33,66.5,53.7,16.0,17.8,2,3128,94,71.1,Store
CUST00867,39,Male,Bengaluru,2024-03-29,992602.0,17489.0,8,2307.0,167,38.5,76.9,6.0,11.1,2,687,30,0.0,Store
CUST00047,25,Male,Hyderabad,2021-10-30,788861.0,88874.0,25,3191.0,21,81.8,50.0,4.0,14.1,8,5082,59,61.0,Store
CUST01374,48,Female,Ahmedabad,2021-05-07,735961.0,20663.0,6,3706.0,35,43.4,53.3,4.0,7.4,2,1100,65,14.6,Mobile App
CUST01709,47,Male,Delhi,2021-12-24,363265.0,14418.0,5,3425.0,82,58.2,44.9,4.0,7.4,5,782,57,23.5,Store
CUST00992,55,Male,Mumbai,2022-07-16,2945242.0,106900.0,9,9396.0,44,38.2,85.0,7.0,6.5,4,4824,50,19.4,Website
CUST00877,41,Male,Kolkata,2025-09-29,621085.0,20999.0,19,1154.0,34,72.7,38.1,15.0,10.3,4,1886,11,64.2,Website
CUST00774,58,Male,Hyderabad,2022-09-06,946730.0,30584.0,2,12405.0,165,43.5,54.2,5.0,4.6,3,1125,49,10.8,Mobile App
CUST01220,53,Male,Ahmedabad,2021-09-20,2057647.0,184791.0,25,7406.0,5,17.0,52.5,19.0,0.0,8,8525,60,52.9,Website
CUST02000,21,Male,Kolkata,2023-05-06,1238477.0,74258.0,21,3471.0,19,,100.0,36.0,8.1,4,3293,40,58.7,Website
CUST00005,42,Female,Bengaluru,2022-04-26,1199937.0,88205.0,30,2022.0,16,13.4,49.4,22.0,3.5,9,4629,53,56.7,Website
CUST01004,47,Female,Chennai,2019-11-04,1944721.0,148669.0,25,6241.0,12,7.7,78.0,7.0,7.5,8,7022,83,43.3,Website
CUST01724,27,Male,Delhi,2024-05-07,508049.0,76285.0,24,3402.0,9,34.8,98.8,21.0,12.9,5,4348,28,58.9,Website
CUST00264,43,Female,Chennai,2023-05-17,1178289.0,120470.0,31,3683.0,1,10.3,37.7,12.0,10.3,8,5424,40,50.3,Store
CUST01570,25,Female,Pune,2024-11-12,1564480.0,89343.0,16,5467.0,8,24.2,83.9,27.0,10.3,7,4298,22,12.7,Mobile App
CUST01831,28,Male,Delhi,2024-07-23,1449790.0,63063.0,27,2069.0,17,14.5,86.2,19.0,2.0,8,2787,26,50.3,Mobile App
CUST00444,39,Female,Kolkata,2022-11-14,775241.0,83218.0,24,4012.0,26,82.1,57.4,16.0,7.3,9,5230,46,71.9,Store
CUST01003,46,Male,Delhi,2025-06-06,1220776.0,122312.0,26,4581.0,14,15.6,69.4,18.0,6.0,8,5078,15,66.7,Store
CUST01078,27,Male,Delhi,2022-12-01,861451.0,88213.0,27,3487.0,23,17.5,91.3,18.0,6.4,8,4800,46,55.6,Website
CUST00838,34,Female,Ahmedabad,2024-10-11,1208193.0,19200.0,7,3088.0,188,18.6,41.7,2.0,0.0,1,1693,23,6.2,Store
CUST01791,19,Female,Kolkata,2022-12-12,3192867.0,117755.0,2,73265.0,81,23.1,0.0,5.0,5.6,7,4820,45,0.0,Store
CUST00305,38,Male,Mumbai,2021-09-07,1032910.0,34392.0,2,18372.0,106,61.6,40.7,3.0,10.5,4,2276,61,17.1,Store
CUST01366,21,Female,Kolkata,2023-06-22,1080235.0,75537.0,12,5264.0,13,27.3,84.3,27.0,7.7,7,2994,39,38.6,Mobile App
CUST01558,29,Male,Mumbai,2024-01-09,950551.0,72395.0,23,3374.0,15,9.7,84.3,26.0,4.4,6,4096,32,36.1,Mobile App
CUST00314,30,Female,Chennai,2021-07-22,598889.0,50482.0,19,2559.0,18,94.1,52.1,20.0,3.8,6,3395,62,85.0,Website
CUST00150,46,Male,Mumbai,2022-02-11,1897064.0,123952.0,29,4392.0,5,12.4,46.5,23.0,1.8,9,5715,55,81.4,Website
CUST01149,31,Female,Pune,2024-04-24,1052773.0,96779.0,23,4155.0,8,23.9,79.8,29.0,8.0,5,4257,29,45.7,Store
CUST01214,38,Female,Delhi,2025-02-06,1043655.0,40495.0,24,1659.0,19,92.2,48.9,20.0,4.5,11,3006,19,83.8,Mobile App
CUST00575,37,Male,Mumbai,2020-12-01,817911.0,30146.0,9,3915.0,167,40.5,43.9,3.0,8.9,2,1384,70,13.9,Store
CUST00051,26,Female,Mumbai,2023-07-25,878263.0,77892.0,8,10062.0,2,57.5,53.6,11.0,6.9,5,3780,38,60.0,Website
CUST01553,47,Female,Hyderabad,2025-06-21,868925.0,54066.0,22,2089.0,32,66.6,68.1,4.0,0.7,4,3377,15,62.8,Website
CUST00727,39,Female,Mumbai,2024-04-19,916513.0,25170.0,27,1096.0,12,64.4,44.8,14.0,1.9,9,2271,29,92.3,Store
CUST00834,24,Other,Kolkata,2021-01-22,1580813.0,93739.0,5,15146.0,56,26.6,47.2,6.0,1.9,4,3651,68,24.3,Website
CUST01378,60,Male,Mumbai,2023-04-22,690444.0,20658.0,3,6915.0,47,47.9,45.6,2.0,5.1,4,888,41,1.6,Mobile App
CUST01116,48,Female,Hyderabad,2020-07-08,2179318.0,113091.0,29,4245.0,10,1.1,88.6,26.0,7.8,10,6345,75,50.1,Mobile App
CUST01167,39,Male,Delhi,2021-01-08,507066.0,15614.0,6,2645.0,232,33.1,27.0,4.0,6.7,4,1437,69,9.2,Website
CUST00471,62,Female,Hyderabad,2022-10-28,473418.0,51124.0,24,1815.0,1,71.1,58.0,10.0,10.2,7,3376,47,53.3,Store
CUST00972,58,Female,Kolkata,2019-12-22,1582547.0,162164.0,26,7000.0,9,17.0,22.4,10.0,1.3,4,7920,81,86.0,Store
CUST00654,42,Female,Mumbai,2023-05-26,617559.0,54975.0,20,2310.0,12,79.7,42.5,11.0,9.2,5,3428,40,69.0,Website
CUST00400,26,Male,Delhi,2022-07-14,1035195.0,80311.0,20,3759.0,24,16.5,88.0,35.0,7.4,6,4812,50,38.6,Mobile App
CUST00512,27,Male,Hyderabad,2026-08-15,977567.0,18365.0,5,4054.0,149,60.5,77.2,4.0,7.3,3,1128,1,24.1,Website
CUST00321,46,Male,Hyderabad,2026-07-19,1372261.0,28479.0,6,5092.0,153,18.2,24.8,3.0,3.6,1,1240,1,0.0,Store
CUST00020,43,Female,Hyderabad,2021-03-25,936039.0,34285.0,28,1226.0,1,48.4,93.9,30.0,8.5,8,3211,66,63.5,Website
CUST00685,26,Male,Bengaluru,2023-10-14,1400753.0,83715.0,19,4182.0,16,47.2,93.0,29.0,0.5,8,3860,35,47.0,Mobile App
CUST00036,39,Male,Bengaluru,2021-02-04,413431.0,50376.0,16,2361.0,25,78.7,58.2,3.0,13.2,9,3691,68,73.4,Mobile App
CUST00903,25,Female,Chennai,2020-01-11,2402812.0,119776.0,28,4862.0,5,23.6,76.1,16.0,0.9,4,5965,81,75.1,Website
CUST01779,49,Male,Delhi,2024-08-30,943331.0,84464.0,19,4357.0,1,73.8,67.6,15.0,4.0,6,4081,24,83.4,Store
CUST00828,23,Female,Ahmedabad,2023-09-21,1011823.0,56327.0,21,2549.0,50,73.3,25.8,15.0,9.5,4,2673,36,64.1,Store
CUST01854,62,Female,Delhi,2024-12-16,3254095.0,88821.0,5,16881.0,32,28.7,42.0,4.0,5.1,3,3494,21,29.8,Mobile App
CUST00408,28,Male,Pune,2021-12-30,698674.0,30022.0,8,4249.0,136,40.2,0.0,4.0,16.8,5,2833,57,1.3,Store
CUST00921,48,Female,Chennai,2023-12-12,1416147.0,102149.0,27,3775.0,9,8.3,62.3,,8.6,11,5094,33,37.6,Store
CUST00538,51,Female,Hyderabad,2021-04-15,1907190.0,111454.0,26,4284.0,20,13.5,78.0,16.0,0.8,7,6486,66,71.9,Website
CUST00759,36,Female,Hyderabad,2021-05-31,2518852.0,164782.0,26,6698.0,3,20.7,56.9,14.0,3.1,3,7660,64,44.4,Website
CUST01905,25,Male,Mumbai,2025-07-22,1563300.0,57962.0,17,2958.0,22,23.9,83.8,32.0,3.0,7,3707,14,29.2,Website
CUST01063,28,Male,Hyderabad,2023-08-20,933272.0,41157.0,31,1695.0,28,72.7,74.4,13.0,7.3,6,3110,37,45.2,Mobile App
CUST01200,57,Female,Ahmedabad,2022-12-28,2858069.0,98486.0,8,10987.0,4,27.7,36.4,2.0,5.8,6,3568,45,49.9,Store
CUST00246,52,Female,Hyderabad,2020-01-31,884570.0,18754.0,4,4373.0,152,74.4,52.1,3.0,6.4,7,1369,80,5.5,Mobile App
CUST01417,21,Male,Chennai,2023-07-16,1489709.0,77586.0,20,3626.0,1,36.3,83.3,30.0,4.8,8,3796,38,38.5,Mobile App
CUST01128,52,Male,Chennai,2021-07-08,1076324.0,88053.0,7,12829.0,88,12.6,41.2,7.0,4.0,5,4314,63,35.2,Website
CUST00785,44,Female,Bengaluru,2022-04-16,597462.0,24596.0,8,3137.0,170,16.8,25.5,2.0,5.9,3,1068,53,27.6,Store
CUST01743,43,Male,Chennai,2020-07-27,1757529.0,146033.0,27,4173.0,9,14.7,86.5,15.0,8.0,7,6798,74,43.8,Mobile App
CUST00490,21,Female,Mumbai,2022-08-13,609277.0,74732.0,29,2602.0,19,44.6,99.1,29.0,3.7,7,4081,49,56.5,Mobile App
CUST00155,36,Female,Chennai,2018-08-06,1943315.0,119313.0,30,4033.0,14,0.0,61.2,18.0,6.3,8,6832,98,59.7,Website
CUST00962,26,Female,Mumbai,2025-12-31,945211.0,74279.0,26,2622.0,6,35.6,93.3,30.0,0.2,5,3585,8,48.5,Mobile App
CUST00854,28,Male,Ahmedabad,2021-06-26,270089.0,32922.0,6,6256.0,154,29.9,63.5,0.0,2.8,3,1493,63,27.1,Mobile App
CUST01312,37,Female,Hyderabad,2024-09-27,709317.0,37189.0,6,7136.0,205,95.1,46.1,6.0,3.8,5,2102,23,11.8,Website
CUST00626,39,Male,Pune,2024-01-16,707207.0,54719.0,21,2596.0,7,79.0,80.6,13.0,0.0,9,2947,32,55.7,Mobile App
CUST00686,56,Male,Delhi,2023-03-17,1087086.0,37473.0,28,1269.0,23,74.4,81.2,3.0,7.8,5,2845,42,73.6,Mobile App
CUST01562,49,Female,Mumbai,2025-04-20,1063616.0,76028.0,25,3764.0,1,21.2,100.0,25.0,2.3,6,3992,17,54.7,Website
CUST00570,35,Male,Chennai,2022-11-20,1291737.0,38740.0,18,2511.0,3,88.0,100.0,34.0,9.1,5,1897,46,30.4,Mobile App
CUST01909,45,Female,Ahmedabad,2020-12-02,1136641.0,38633.0,4,9806.0,327,41.4,68.6,8.0,14.4,4,1249,70,23.4,Store
CUST00018,51,Male,Delhi,2025-11-03,2021534.0,109487.0,19,5248.0,3,11.6,79.0,10.0,4.7,9,4933,10,70.5,Website
CUST00128,54,Male,Hyderabad,2019-11-12,2460944.0,125746.0,30,4472.0,6,7.5,67.8,11.0,3.2,10,6092,83,44.4,Mobile App
CUST01347,38,Female,Pune,2023-08-19,915196.0,35038.0,16,2283.0,18,89.4,88.1,23.0,11.4,5,2433,37,66.3,Website
CUST01280,32,Female,Kolkata,2024-05-03,1169799.0,69347.0,24,3595.0,9,30.8,89.4,24.0,8.6,3,3824,28,62.1,Mobile App
CUST01969,37,Other,Hyderabad,2023-07-03,1171264.0,82727.0,25,3868.0,25,39.9,97.8,28.0,3.2,7,4102,39,58.8,Mobile App
CUST00928,40,Female,Chennai,2023-11-01,541525.0,19785.0,6,3296.0,174,17.6,38.7,2.0,9.2,3,1715,34,7.9,Store
CUST00981,37,Female,Bengaluru,2026-03-21,766249.0,10098.0,5,1875.0,213,55.1,56.9,6.0,6.7,2,272,5,31.7,Mobile App
CUST01965,42,Female,Mumbai,2022-07-25,2149946.0,99317.0,7,12128.0,25,16.1,65.2,12.0,0.0,4,4569,50,26.6,Website
CUST00191,39,Female,Mumbai,2023-02-05,748814.0,12435.0,9,1350.0,365,81.1,77.1,0.0,4.0,2,645,43,11.5,Website
CUST01140,63,Female,Mumbai,2023-03-22,2626555.0,100124.0,4,22888.0,31,18.1,47.5,8.0,5.2,3,3374,42,56.7,Website
CUST00993,30,Male,Hyderabad,2019-09-19,3286586.0,68371.0,5,14120.0,70,22.2,13.1,4.0,0.0,5,3763,85,10.9,Store
CUST01956,19,Female,Pune,2023-11-27,,23352.0,3,8038.0,246,20.9,63.3,2.0,1.5,2,1781,34,15.3,Mobile App
CUST01657,53,Female,Delhi,2024-10-24,949137.0,40288.0,13,3081.0,1,57.8,52.1,12.0,6.9,7,2170,23,31.0,Mobile App
CUST00607,29,Female,Pune,2022-09-08,941314.0,14123.0,4,3339.0,162,42.1,32.8,1.0,8.5,5,32,48,6.5,Store
CUST00181,37,Male,Hyderabad,2025-10-14,656169.0,26285.0,5,4254.0,279,13.3,54.8,1.0,9.8,4,1408,11,0.0,Store
CUST00302,49,Female,Kolkata,2022-08-27,1923248.0,149935.0,30,6054.0,11,15.7,93.4,20.0,0.0,12,7520,49,77.4,Mobile App
CUST00497,23,Male,Mumbai,2026-08-02,953963.0,101870.0,23,4008.0,21,10.2,80.0,23.0,4.5,7,5419,1,46.5,Mobile App
CUST01721,28,Female,Chennai,2022-10-27,2281591.0,151444.0,39,3191.0,17,15.4,39.6,11.0,3.5,9,7995,47,55.5,Mobile App
CUST01710,18,Female,Pune,2026-02-24,841400.0,50831.0,19,3232.0,31,84.5,36.1,21.0,16.5,7,3180,6,65.7,Store
CUST01888,34,Male,Mumbai,2022-08-15,1087620.0,59276.0,14,4355.0,4,73.4,73.5,11.0,3.0,7,3061,49,89.2,Website
CUST01992,42,Female,Ahmedabad,2024-07-29,1699092.0,133409.0,8,14560.0,36,14.0,55.3,3.0,5.1,4,5491,25,52.9,Website
CUST00518,57,Female,Delhi,2021-05-15,2977621.0,88889.0,2,40846.0,49,23.5,40.7,7.0,2.4,6,3975,64,36.2,Website
CUST01985,37,Male,Delhi,2025-06-13,1520335.0,98082.0,19,4803.0,20,27.9,97.0,19.0,2.4,6,4167,15,62.1,Website
CUST01070,30,Male,Ahmedabad,2024-05-29,588691.0,71786.0,10,5806.0,30,72.0,66.8,8.0,10.1,7,3750,28,98.5,Mobile App
CUST00477,49,Female,Ahmedabad,2023-04-02,440260.0,26650.0,22,1337.0,7,71.7,72.2,17.0,4.9,5,2159,42,81.6,Website
CUST00158,30,Female,Bengaluru,2025-09-21,1697296.0,62392.0,19,3067.0,14,55.6,72.3,20.0,17.9,8,3557,12,47.3,Mobile App
CUST01244,51,Female,Kolkata,2021-02-28,1763522.0,136691.0,31,3702.0,11,23.7,66.7,11.0,1.7,10,6213,67,62.2,Store
CUST01196,45,Female,Pune,2026-01-19,992364.0,33491.0,9,3943.0,26,93.0,47.6,23.0,9.0,2,2374,7,79.5,Store
CUST00017,31,Male,Ahmedabad,2024-04-23,1273785.0,109346.0,23,5031.0,6,20.0,83.0,38.0,3.3,5,4941,29,46.6,Website
CUST01536,21,Male,Chennai,2022-01-29,947367.0,45742.0,20,2128.0,3,55.3,93.7,30.0,2.6,8,2716,56,61.9,Mobile App
CUST01073,46,Female,Kolkata,2024-04-17,1247897.0,59809.0,21,2995.0,22,33.9,94.4,39.0,2.5,8,2539,29,,Mobile App
CUST01972,33,Female,Pune,2024-06-23,520562.0,25345.0,2,11183.0,83,33.6,62.7,9.0,9.8,1,1741,27,17.9,Mobile App
CUST00547,30,Female,Hyderabad,2023-07-04,704214.0,51271.0,15,3253.0,3,75.2,57.4,11.0,3.9,4,3161,39,72.6,Store
CUST01540,26,Male,Kolkata,2024-07-11,976110.0,59490.0,19,11260.0,11,32.6,86.7,30.0,7.2,7,3534,26,49.1,Website
CUST00659,32,Male,Delhi,2024-03-17,1507740.0,79700.0,20,3438.0,26,26.6,91.7,28.0,0.0,7,4022,30,56.8,Mobile App
CUST01626,33,Female,Hyderabad,2025-04-07,2777474.0,77421.0,9,9684.0,54,20.4,45.6,9.0,4.8,3,4628,17,41.4,Website
CUST01020,36,Male,Chennai,2024-02-27,1180770.0,80724.0,22,3183.0,12,22.2,87.7,37.0,11.3,5,3795,31,41.6,Mobile App
CUST01663,50,Male,Hyderabad,2022-01-22,1234207.0,155375.0,5,34320.0,56,19.9,50.0,3.0,1.7,3,5660,56,46.6,Store
CUST01505,45,Male,Bengaluru,2026-08-05,,26251.0,5,4805.0,129,45.5,36.1,4.0,13.2,4,753,1,3.3,Website
CUST00960,33,Male,Hyderabad,2025-04-17,313490.0,74576.0,13,5502.0,1,32.6,89.5,31.0,9.9,5,3092,17,47.4,Mobile App
CUST01882,34,Female,Chennai,2023-09-18,1056258.0,75577.0,27,2782.0,10,28.2,87.0,25.0,13.1,7,3708,36,42.8,Mobile App
CUST00284,49,Male,Ahmedabad,2023-10-16,647675.0,74203.0,21,3673.0,33,70.3,76.9,13.0,7.2,7,3790,35,56.0,Store
CUST00798,33,Female,Ahmedabad,2020-10-29,2465854.0,100233.0,21,4915.0,14,23.8,55.9,15.0,8.9,10,4340,71,46.3,Store
CUST01627,38,Female,Chennai,2021-08-23,934631.0,61761.0,13,4707.0,2,83.9,59.0,17.0,9.5,7,3101,61,64.6,Store
CUST00226,33,Male,Mumbai,2023-01-18,1574579.0,18526.0,5,3489.0,335,72.7,42.6,3.0,15.2,4,1384,44,22.0,Store
CUST00027,26,Female,Hyderabad,2023-10-22,1045011.0,58404.0,25,2211.0,1,46.7,94.0,22.0,3.5,4,3181,35,42.3,Mobile App
CUST01771,36,Male,Hyderabad,2023-10-12,1255527.0,42388.0,23,1623.0,32,,100.0,40.0,8.4,6,3395,35,33.0,Mobile App
CUST00438,32,Male,Hyderabad,2024-12-19,985186.0,72625.0,17,4048.0,8,29.8,83.3,30.0,5.0,6,2440,21,95.3,Mobile App
CUST01949,50,Male,Pune,2019-12-17,797871.0,132611.0,37,3459.0,13,0.0,43.4,6.0,3.1,6,7575,82,66.7,Website
CUST01389,52,Male,Chennai,2026-08-09,1120357.0,17971.0,6,3496.0,113,51.6,11.0,2.0,3.9,2,504,1,29.0,Store
CUST00230,33,Male,Kolkata,2022-08-31,1893889.0,130058.0,23,5536.0,11,0.0,74.7,11.0,4.9,5,6218,49,50.8,Store
CUST00038,32,Female,Delhi,2023-04-29,1238066.0,87898.0,22,4671.0,6,38.0,96.4,21.0,15.6,8,5013,41,22.3,Mobile App
CUST00750,47,Female,Delhi,2025-03-15,1004919.0,12341.0,7,1903.0,153,68.7,85.6,4.0,0.6,6,675,18,15.0,Mobile App
CUST01046,19,Male,Kolkata,2020-03-16,1245665.0,55363.0,25,2185.0,23,51.7,100.0,14.0,4.0,8,3813,79,65.0,Mobile App
CUST01399,23,Male,Chennai,2025-03-25,1078559.0,62054.0,24,2311.0,20,19.4,97.1,35.0,9.3,6,2983,18,37.1,Mobile App
CUST00470,22,Male,Bengaluru,2022-04-02,875293.0,70237.0,23,2825.0,2,35.0,96.3,41.0,6.5,7,4050,54,39.2,Website
CUST01693,35,Female,Chennai,2022-01-21,283553.0,69984.0,23,3262.0,42,40.9,64.9,17.0,10.9,6,4013,56,,Mobile App
CUST01968,39,Female,Ahmedabad,2019-07-06,1372165.0,28152.0,7,3424.0,182,38.4,84.2,5.0,0.0,2,2102,87,16.1,Website
CUST00688,23,Male,Pune,2022-09-28,693932.0,33349.0,3,10028.0,199,43.6,45.9,1.0,19.9,3,2303,48,8.4,Mobile App
CUST01844,46,Male,Chennai,2023-02-11,1041377.0,11959.0,5,3046.0,154,71.6,48.6,2.0,0.0,2,1298,43,9.1,Store
CUST00640,65,Female,Delhi,2017-06-07,1414824.0,16947.0,6,2623.0,66,43.0,60.5,5.0,13.4,3,1051,112,8.7,Mobile App
CUST01713,23,Female,Hyderabad,2026-07-22,991054.0,28222.0,1,23883.0,231,61.4,16.8,3.0,0.1,4,1345,1,9.3,Website
CUST01219,59,Male,Chennai,2021-12-21,2534293.0,144794.0,8,13486.0,78,39.3,15.5,3.0,6.3,5,5864,57,20.0,Store
CUST01159,22,Male,Pune,2025-04-22,1925908.0,67440.0,25,2328.0,17,46.5,79.6,20.0,4.1,7,3276,17,72.4,Store
CUST01416,49,Female,Bengaluru,2022-10-25,2144711.0,98379.0,5,18731.0,37,0.0,17.7,6.0,0.0,1,2854,47,26.2,Website
CUST01528,26,Female,Bengaluru,2025-11-14,1967153.0,85010.0,25,3640.0,11,27.7,100.0,30.0,8.5,9,4676,10,33.9,Mobile App
CUST01656,21,Female,Bengaluru,2021-05-16,839362.0,74251.0,21,3459.0,42,100.0,63.3,15.0,17.2,8,4140,64,54.5,Mobile App
CUST01301,36,Male,Delhi,2024-06-12,1100671.0,47870.0,7,7260.0,2,61.1,78.4,13.0,13.7,4,2762,27,62.9,Website
CUST01823,29,Female,Bengaluru,2022-12-11,731767.0,57064.0,22,2881.0,24,48.6,86.9,29.0,1.3,7,3765,45,46.9,Mobile App
CUST00801,51,Female,Kolkata,2022-05-06,2105619.0,125811.0,8,17607.0,38,22.3,60.8,9.0,12.0,6,5021,53,15.2,Store
CUST01604,40,Female,Kolkata,2021-06-09,876856.0,42118.0,8,5716.0,268,62.9,64.7,1.0,7.8,5,2530,64,11.4,Store
CUST00161,39,Female,Ahmedabad,2022-05-12,2055137.0,107634.0,40,2977.0,12,21.1,72.3,24.0,2.6,3,6120,52,63.4,Store
CUST00957,43,Male,Kolkata,2022-10-09,923966.0,70203.0,8,9141.0,109,7.3,53.0,3.0,6.2,4,2813,47,26.7,Mobile App
CUST01187,30,Male,Kolkata,2020-10-12,1011346.0,69220.0,13,4623.0,40,97.4,64.8,13.0,5.3,6,3598,72,71.8,Store
CUST00822,31,Female,Kolkata,2023-08-17,1334818.0,74914.0,25,2952.0,26,49.4,96.4,19.0,12.6,9,3226,37,52.5,Website
CUST01682,47,Male,Hyderabad,2020-10-17,1006345.0,12632.0,9,1460.0,38,31.8,54.8,4.0,6.9,3,2038,72,27.6,Store
CUST00878,23,Female,Ahmedabad,2026-08-03,866420.0,72095.0,12,6841.0,31,93.4,61.0,11.0,14.2,6,3441,1,66.5,Mobile App
CUST00914,54,Male,Kolkata,2022-03-20,430793.0,26374.0,1,25813.0,61,69.2,12.4,0.0,9.3,5,1448,54,0.0,Store
CUST00153,51,Female,Kolkata,2019-09-06,1930560.0,169856.0,20,8485.0,1,14.6,41.5,17.0,1.7,9,7041,85,59.1,Store
CUST01871,36,Male,Chennai,2021-07-05,1392744.0,43910.0,19,2148.0,41,58.6,86.3,11.0,12.5,6,3342,63,53.0,Mobile App
CUST01777,72,Male,Delhi,2022-01-02,2666593.0,123340.0,4,26786.0,12,15.4,40.7,12.0,7.1,4,3992,57,38.6,Store
CUST00510,58,Female,Chennai,2020-09-12,1273922.0,141775.0,32,4047.0,12,9.4,60.5,8.0,3.6,11,7276,73,52.6,Store
CUST01136,45,Female,Pune,2022-05-27,908080.0,36185.0,22,1787.0,23,52.2,90.5,1.0,14.2,5,2898,52,75.7,Mobile App
CUST01251,31,Male,Ahmedabad,2021-06-26,1252568.0,139783.0,25,5917.0,14,18.9,66.3,12.0,8.8,9,6365,63,54.7,Store
CUST01684,40,Female,Delhi,2023-05-25,250000.0,57442.0,20,2598.0,27,59.2,57.7,16.0,10.7,4,2737,40,71.9,Website
CUST00104,40,Female,Bengaluru,2021-12-03,587965.0,14590.0,3,5168.0,160,38.8,40.9,4.0,7.1,3,1149,58,18.0,Store
CUST01446,25,Female,Ahmedabad,2021-11-25,1239683.0,80319.0,23,2957.0,1,38.5,89.0,39.0,11.5,6,4271,58,53.5,Mobile App
CUST01444,47,Female,Ahmedabad,2020-10-12,2080104.0,119261.0,32,3625.0,1,12.1,40.4,14.0,11.5,6,6469,72,48.2,Website
CUST00587,61,Male,Pune,2017-09-23,2193272.0,163532.0,19,7139.0,19,9.7,58.7,14.0,0.1,10,7563,109,74.2,Website
CUST01769,37,Male,Hyderabad,2021-11-19,2212735.0,114331.0,30,4411.0,12,6.4,24.6,24.0,6.5,8,5550,58,23.6,Store
CUST01144,50,Other,Ahmedabad,2020-12-19,1039039.0,20833.0,8,2835.0,247,35.5,36.5,5.0,9.2,1,2412,69,23.3,Mobile App
CUST00054,41,Female,Chennai,2025-10-23,1081695.0,72271.0,20,3228.0,25,14.9,96.4,22.0,19.2,5,3541,10,56.2,Mobile App
CUST00152,32,Female,Chennai,2022-10-16,931953.0,31546.0,7,4420.0,93,37.8,5.0,1.0,9.9,3,1677,47,21.4,Store
CUST00404,29,Male,Delhi,2026-07-09,1044259.0,81832.0,30,2351.0,14,14.1,60.5,15.0,6.3,8,5050,2,50.1,Mobile App
CUST01943,21,Female,Chennai,2025-04-27,462728.0,47998.0,19,2827.0,26,94.8,97.1,11.0,13.7,7,1915,16,39.7,Mobile App
CUST00208,56,Male,Pune,2020-04-07,2634870.0,100166.0,4,24621.0,33,8.2,51.7,8.0,8.4,5,4546,78,23.8,Store
CUST01895,18,Female,Pune,2023-05-09,816681.0,37334.0,10,4088.0,40,79.7,69.7,8.0,10.1,3,1895,40,58.1,Website
CUST01123,67,Male,Ahmedabad,2021-06-01,405031.0,26968.0,1,22595.0,71,59.0,45.8,2.0,3.1,1,1515,64,9.5,Store
CUST01891,38,Female,Mumbai,2025-09-25,952858.0,60978.0,18,2803.0,20,77.0,64.7,9.0,3.6,6,2972,11,65.8,Mobile App
CUST00009,44,Male,Kolkata,2021-01-25,,128297.0,31,4186.0,6,17.5,73.7,11.0,0.0,11,6815,68,29.3,Mobile App
CUST01015,32,Male,Hyderabad,2023-12-08,1412636.0,47401.0,16,3171.0,41,52.6,87.5,18.0,11.6,1,3169,33,48.9,Mobile App
CUST01907,30,Male,Chennai,2025-05-13,1024986.0,54226.0,23,2329.0,3,15.3,99.7,21.0,1.4,6,3284,16,43.9,Mobile App
CUST01061,51,Male,Bengaluru,2021-09-11,1016475.0,21375.0,5,4013.0,107,50.7,52.3,8.0,14.4,4,1369,61,28.6,Store
CUST00453,56,Female,Bengaluru,2020-06-21,2364931.0,133675.0,7,21647.0,77,27.8,73.4,5.0,0.0,5,6566,75,50.0,Website
CUST00254,34,Female,Bengaluru,2024-05-26,1320158.0,49652.0,17,2861.0,47,58.2,46.3,10.0,14.7,6,3354,28,86.4,Website
CUST01328,21,Male,Bengaluru,2025-06-27,718657.0,72197.0,21,3104.0,17,35.6,93.5,22.0,4.9,7,3571,14,38.3,Website
CUST00897,35,Male,Mumbai,2024-05-15,1461985.0,49667.0,21,2569.0,1,73.2,69.9,13.0,10.0,5,3655,28,68.3,Store
CUST01734,36,Male,Kolkata,2023-11-19,301494.0,33139.0,18,2065.0,45,69.0,53.0,16.0,7.4,8,2860,34,51.3,Mobile App
CUST00881,41,Male,Ahmedabad,2026-08-15,830174.0,58631.0,20,2860.0,35,91.1,90.0,14.0,6.0,9,2545,1,74.7,Mobile App
CUST01596,35,Female,Delhi,2019-04-13,2314965.0,86811.0,10,7885.0,65,18.4,45.8,10.0,1.0,2,4636,90,29.1,Website
CUST01889,28,Female,Delhi,2025-12-09,994682.0,17003.0,3,6640.0,80,85.7,43.7,0.0,10.4,1,654,9,15.7,Store
CUST00624,30,Female,Chennai,2023-07-17,1427152.0,80446.0,22,3381.0,1,27.7,81.7,25.0,7.6,10,4006,38,34.2,Mobile App
CUST00346,45,Female,Pune,2022-06-09,2055795.0,140146.0,4,32610.0,11,9.0,70.9,3.0,5.7,5,5922,51,8.7,Mobile App
CUST01703,40,Male,Mumbai,2026-07-21,1194012.0,57657.0,20,3199.0,35,95.2,63.1,16.0,16.6,7,2725,1,57.3,Store
CUST00263,55,Male,Delhi,2023-12-13,1236236.0,29423.0,15,2061.0,5,73.2,39.8,15.0,8.9,10,1454,33,85.5,Website
CUST01635,51,Female,Bengaluru,2026-08-02,383803.0,23682.0,5,5306.0,210,26.5,26.4,0.0,4.6,3,1010,1,8.0,Store
CUST01322,41,Female,Hyderabad,2023-07-10,1198346.0,94186.0,30,2919.0,14,37.6,89.0,17.0,8.4,5,4165,38,23.1,Website
CUST01439,43,Female,Ahmedabad,2019-08-05,282807.0,15280.0,6,2910.0,161,85.3,35.2,1.0,11.1,6,1917,86,2.7,Website
CUST00151,35,Male,Mumbai,2021-04-28,250000.0,24404.0,4,5012.0,110,62.5,14.9,5.0,3.8,5,1856,65,2.9,Store
CUST00473,41,Female,Pune,2019-06-04,1145161.0,139224.0,23,5091.0,10,4.8,63.1,15.0,0.0,7,7133,88,48.2,Store
CUST00641,41,Female,Bengaluru,2016-10-18,2028379.0,81387.0,7,11491.0,79,22.4,48.8,5.0,0.0,2,3786,120,48.7,Website
CUST01983,23,Female,Chennai,2019-10-13,1130984.0,36571.0,4,8282.0,198,63.0,54.3,3.0,12.9,3,2681,84,11.8,Mobile App
CUST01883,33,Female,Bengaluru,2025-12-20,838422.0,49297.0,20,2906.0,36,61.5,70.0,5.0,15.1,6,1857,8,48.9,Store
CUST00551,31,Male,Kolkata,2023-01-13,1167727.0,90838.0,21,4755.0,8,11.8,80.7,11.0,10.1,8,4415,44,37.2,Mobile App
CUST01780,18,Female,Pune,2022-08-01,1382669.0,24705.0,22,1216.0,9,51.9,80.7,23.0,11.3,9,2440,50,89.0,Mobile App
CUST00929,40,Male,Pune,2021-10-09,1510588.0,98133.0,16,6610.0,7,49.8,100.0,22.0,9.6,7,3729,60,25.8,Mobile App
CUST00489,21,Female,Bengaluru,2021-07-15,609550.0,67005.0,24,2894.0,5,27.7,92.1,14.0,8.8,7,3895,62,48.1,Mobile App
CUST01812,27,Male,Delhi,2023-05-23,1180722.0,52982.0,20,2450.0,1,42.6,93.1,33.0,3.7,7,3233,40,61.7,Mobile App
CUST01172,56,Male,Kolkata,2023-02-25,2462637.0,116791.0,7,16498.0,14,7.8,78.1,9.0,8.8,6,5064,43,0.0,Store
CUST00147,33,Female,Mumbai,2025-11-14,461531.0,51203.0,10,5445.0,29,78.5,99.3,17.0,6.9,8,1242,10,53.6,Website
CUST01705,28,Male,Pune,2025-01-24,901907.0,81264.0,26,3011.0,10,29.9,84.6,29.0,12.5,10,3666,20,79.9,Mobile App
CUST01929,37,Female,Mumbai,2021-12-22,2193915.0,156005.0,23,5628.0,15,3.5,45.9,15.0,0.1,7,7151,57,59.9,Mobile App
CUST00403,47,Male,Pune,2021-03-22,3028810.0,94621.0,5,22145.0,32,18.5,63.8,4.0,8.2,4,4063,66,29.8,Website
CUST00955,29,Male,Delhi,2021-05-03,889583.0,15588.0,8,2332.0,177,41.2,71.9,6.0,7.8,3,2496,65,4.4,Website
CUST01878,44,Male,Bengaluru,2023-02-26,835415.0,45045.0,8,5714.0,16,65.7,53.6,21.0,0.0,3,2416,43,62.2,Mobile App
CUST00660,26,Male,Hyderabad,2022-10-01,1075378.0,72961.0,10,7781.0,1,89.5,83.3,3.0,4.7,3,3237,48,74.2,Mobile App
CUST01373,32,Male,Kolkata,2020-04-28,829441.0,64693.0,20,2875.0,12,83.5,34.8,11.0,3.3,4,4035,77,45.9,Store
CUST00464,36,Other,Chennai,2023-07-07,1110757.0,60640.0,20,3300.0,5,52.1,32.8,13.0,8.0,7,3321,38,76.7,Store
CUST01350,42,Male,Hyderabad,2021-01-29,2437197.0,112128.0,24,4280.0,19,25.3,46.4,21.0,1.9,9,5589,68,73.5,Store
CUST00187,33,Female,Bengaluru,2022-04-02,859506.0,39752.0,22,1725.0,33,70.9,76.0,12.0,7.8,6,3214,54,92.7,Store
CUST01148,35,Female,Delhi,2023-03-31,504269.0,25888.0,8,3079.0,286,58.3,25.7,3.0,1.0,3,1407,42,17.5,Store
CUST01225,46,Male,Ahmedabad,2020-12-22,1158881.0,126866.0,30,4414.0,20,7.8,75.9,10.0,3.1,8,6489,69,50.1,Website
CUST00609,42,Male,Pune,2023-04-24,2869735.0,86240.0,4,23266.0,92,9.3,58.5,7.0,1.4,4,3341,41,32.9,Website
CUST00144,29,Male,Mumbai,2023-06-04,958268.0,46161.0,32,1497.0,26,40.2,87.2,32.0,5.5,6,3466,40,21.9,Mobile App
CUST00752,47,Male,Pune,2024-04-28,890673.0,38476.0,13,2634.0,8,92.3,63.7,5.0,10.9,6,2706,29,52.7,Website
CUST01535,57,Male,Mumbai,2023-11-28,,129472.0,25,5567.0,12,8.6,50.4,14.0,3.5,10,5866,34,54.4,Website
CUST00982,31,Male,Mumbai,2024-06-09,853686.0,11299.0,5,2453.0,94,18.3,51.7,5.0,10.4,3,957,27,19.5,Store
CUST00198,62,Female,Pune,2022-02-05,1068108.0,13026.0,6,2803.0,117,44.8,78.6,2.0,7.7,4,1668,56,5.1,Website
CUST01634,63,Female,Pune,2020-10-14,2246845.0,92631.0,5,19250.0,50,18.6,26.2,7.0,2.3,1,3821,72,36.0,Store
CUST00884,28,Male,Hyderabad,2024-03-13,681797.0,39013.0,14,2648.0,24,31.0,96.8,27.0,10.4,7,1469,30,38.8,Website
CUST00280,21,Female,Mumbai,2023-11-26,1597460.0,15576.0,5,2966.0,58,52.9,85.8,4.0,0.0,1,1451,34,9.6,Mobile App
CUST00294,37,Female,Pune,2024-02-04,2108272.0,178454.0,19,8443.0,18,10.3,50.5,13.0,1.1,11,7333,31,52.0,Store
CUST01824,19,Female,Bengaluru,2026-08-12,711453.0,87909.0,30,2550.0,13,34.9,81.0,20.0,8.0,6,3882,1,75.5,Mobile App
CUST00401,38,Female,Hyderabad,2023-01-06,765789.0,66342.0,22,3490.0,20,66.1,70.7,7.0,12.3,6,3229,44,65.8,Mobile App
CUST00123,30,Female,Chennai,2020-06-30,1105882.0,102815.0,22,4312.0,6,16.4,55.0,16.0,1.3,7,5269,75,63.9,Website
CUST01208,38,Female,Chennai,2024-03-19,1006526.0,80833.0,23,3244.0,19,50.4,97.0,24.0,11.4,5,3864,30,41.1,Mobile App
CUST00203,30,Male,Bengaluru,2022-03-27,1369208.0,69764.0,20,3383.0,3,46.9,100.0,22.0,4.3,8,3641,54,66.3,Mobile App
CUST01463,50,Male,Delhi,2022-05-29,892128.0,37450.0,14,3118.0,19,51.7,92.1,9.0,18.6,6,2183,52,100.0,Mobile App
CUST00836,37,Female,Mumbai,2024-02-15,538156.0,93332.0,22,4240.0,15,7.5,89.3,36.0,5.3,8,4038,31,65.0,Website
CUST00247,40,Female,Kolkata,2026-02-06,705912.0,49693.0,20,2354.0,17,60.0,99.0,34.0,5.9,6,3338,7,60.5,Mobile App
CUST01440,47,Female,Chennai,2023-01-03,1225273.0,12680.0,8,1774.0,1,29.6,66.3,5.0,13.1,5,1721,45,15.0,Mobile App
CUST01754,18,Female,Delhi,2016-10-21,1601822.0,15895.0,2,8079.0,173,58.0,38.6,4.0,20.7,3,1752,120,23.4,Store
CUST01902,44,Male,Delhi,2022-07-16,1130606.0,128221.0,25,5697.0,9,17.9,77.9,16.0,2.4,6,6093,50,84.9,Website
CUST01708,22,Male,Bengaluru,2021-12-06,717056.0,28173.0,27,1152.0,14,50.0,63.8,12.0,5.2,8,2348,58,72.0,Website
CUST01881,41,Male,Mumbai,2023-07-09,1146862.0,88421.0,23,3647.0,12,30.4,96.5,56.0,11.7,7,4811,38,55.6,Mobile App
CUST01154,43,Female,Ahmedabad,2019-07-27,2500539.0,197946.0,26,7081.0,4,5.1,18.2,21.0,3.9,10,9658,86,,Store
CUST01662,39,Male,Bengaluru,2025-06-27,1159530.0,61136.0,32,1776.0,11,25.5,83.2,36.0,13.0,8,3176,14,47.9,Website
CUST01427,42,Male,Delhi,2021-03-23,1718058.0,181975.0,24,6503.0,16,9.4,48.4,21.0,0.9,7,8786,66,74.0,Website
CUST00385,29,Female,Mumbai,2023-05-04,582297.0,59572.0,17,3643.0,20,82.9,54.8,7.0,10.9,5,3535,41,47.9,Mobile App
CUST01759,38,Male,Kolkata,2019-11-27,487722.0,21546.0,5,4274.0,107,36.5,83.0,5.0,7.4,3,1748,82,6.7,Mobile App
CUST00855,42,Male,Chennai,2024-11-04,1139258.0,48415.0,18,2915.0,28,67.9,59.8,10.0,6.8,6,2590,22,72.3,Store
CUST01590,43,Male,Delhi,2020-07-31,1471965.0,112073.0,28,3981.0,18,20.3,49.8,13.0,0.0,9,6169,74,69.7,Store
CUST00220,38,Male,Hyderabad,2024-06-04,913503.0,48035.0,19,2832.0,24,72.9,70.7,12.0,5.8,7,2600,27,73.8,Website
CUST00642,33,Male,Pune,2022-05-14,1364165.0,30407.0,3,9753.0,134,56.5,31.9,3.0,10.4,4,1048,52,6.1,Store
CUST00002,30,Female,Pune,2024-03-11,1608976.0,45874.0,26,1364.0,7,36.8,100.0,30.0,7.7,6,2870,30,44.0,Mobile App
CUST00113,31,Female,Hyderabad,2020-10-27,873797.0,23918.0,12,1996.0,8,69.1,72.1,7.0,12.6,4,2153,71,42.3,Website
CUST00699,43,Male,Pune,2024-07-18,1429318.0,58739.0,34,1292.0,11,42.3,87.1,40.0,8.0,5,3629,26,36.6,Mobile App
CUST01916,37,Female,Bengaluru,2021-06-04,524590.0,54044.0,16,2956.0,26,81.5,29.4,7.0,3.7,5,3152,64,79.3,Store
CUST00952,40,Female,Hyderabad,2026-04-28,804385.0,72961.0,22,3347.0,30,87.7,35.3,13.0,9.7,7,3814,4,64.1,Mobile App
CUST01649,52,Male,Delhi,2022-12-02,883015.0,32755.0,5,7281.0,176,37.6,81.7,4.0,3.3,4,2115,46,10.2,Mobile App
CUST01637,40,Male,Mumbai,2024-03-24,951326.0,63831.0,24,2609.0,20,76.3,30.8,24.0,6.9,7,2931,30,61.4,Store
CUST01886,34,Female,Bengaluru,2024-07-28,1027653.0,87210.0,12,8653.0,41,76.9,79.8,14.0,16.0,7,3792,25,74.8,Website
CUST01411,33,Male,Pune,2025-05-25,989957.0,18175.0,1,16863.0,215,94.6,3.1,,6.5,6,711,15,12.9,Store
CUST01410,47,Female,Ahmedabad,2023-11-03,2445554.0,88990.0,6,14566.0,28,11.0,78.9,5.0,0.0,7,3941,34,40.6,Mobile App
CUST01534,40,Male,Delhi,2024-12-13,2197930.0,144358.0,4,31490.0,59,25.1,8.4,3.0,3.7,4,5069,21,33.0,Website
CUST01292,29,Female,Mumbai,2025-08-16,1355730.0,70496.0,24,2991.0,9,41.7,88.9,19.0,10.6,10,4093,13,50.9,Mobile App
CUST01809,18,Female,Delhi,2023-04-06,1331641.0,61023.0,9,5678.0,38,80.6,49.3,9.0,18.8,10,2588,41,65.7,Website
CUST00442,49,Male,Bengaluru,2023-09-23,2008059.0,104330.0,25,4060.0,5,17.2,37.0,25.0,2.7,8,4579,36,35.5,Website
CUST01521,40,Female,Chennai,2021-09-08,689846.0,49124.0,19,2587.0,15,73.9,48.7,14.0,7.4,6,2987,61,75.6,Website
CUST01137,20,Female,Ahmedabad,2023-10-18,250000.0,62518.0,20,2984.0,21,22.0,98.1,17.0,8.8,8,3394,35,55.8,Mobile App
CUST01716,56,Female,Delhi,2020-09-09,5251946.0,100840.0,7,16840.0,15,13.2,61.3,5.0,7.0,3,4351,73,26.7,Store
CUST01257,58,Male,Bengaluru,2020-10-09,2208739.0,102115.0,7,12833.0,36,18.3,59.8,7.0,6.9,6,5430,72,18.0,Store
CUST01864,26,Male,Pune,2026-08-15,1242959.0,45724.0,17,2871.0,7,25.6,94.6,21.0,8.2,5,2249,1,63.3,Mobile App
CUST01632,46,Male,Hyderabad,2021-12-12,1016375.0,24802.0,8,3095.0,135,42.2,63.5,4.0,2.6,3,988,57,6.7,Website
CUST01696,33,Female,Kolkata,2023-10-08,747348.0,82265.0,17,4084.0,14,33.6,91.6,28.0,3.4,7,3624,35,66.7,Website
CUST01398,48,Male,Chennai,2019-11-17,971325.0,25104.0,3,8219.0,28,62.5,24.3,2.0,2.7,3,2001,83,16.9,Store
CUST00664,46,Male,Mumbai,2020-04-27,1659904.0,99945.0,23,4060.0,17,7.0,81.9,15.0,3.4,8,4513,77,49.8,Website
CUST01836,53,Male,Chennai,2022-09-30,1845516.0,108190.0,22,4148.0,2,25.4,58.2,9.0,8.0,7,5278,48,86.0,Website
CUST01258,39,Female,Mumbai,2022-05-29,1150731.0,22148.0,4,5346.0,153,64.5,60.4,4.0,10.6,1,1859,52,21.6,Mobile App
CUST01774,28,Female,Ahmedabad,2025-11-15,994245.0,24297.0,4,6727.0,165,49.7,66.6,5.0,0.0,4,1095,10,14.2,Store
CUST01701,23,Male,Pune,2021-12-12,1170542.0,27439.0,7,3422.0,179,56.0,28.2,4.0,7.8,6,1681,57,9.2,Website
CUST00318,33,Male,Pune,2020-09-23,2198110.0,76890.0,5,10654.0,19,6.7,71.3,8.0,8.0,6,4065,72,21.7,Mobile App
CUST00649,58,Female,Ahmedabad,2024-08-08,1950438.0,91064.0,1,73242.0,41,29.9,54.3,2.0,2.1,4,3718,25,0.0,Mobile App
CUST01435,18,Female,Kolkata,2021-04-13,1012944.0,52460.0,16,3117.0,28,78.9,50.3,15.0,14.9,10,2883,66,70.4,Mobile App
CUST01480,34,Female,Bengaluru,2024-02-15,1422626.0,68337.0,26,2343.0,14,46.6,96.7,21.0,9.1,9,4086,31,34.8,Website
CUST00710,26,Male,Pune,2025-02-04,1046663.0,84474.0,25,4119.0,5,42.8,95.0,25.0,2.9,6,5034,19,7.0,Mobile App
CUST01383,31,Male,Delhi,2023-02-28,845149.0,89956.0,32,2821.0,16,57.5,98.1,43.0,8.9,7,5597,43,41.1,Website
CUST01283,35,Male,Mumbai,2024-01-11,907550.0,85729.0,17,4738.0,13,56.1,84.8,22.0,2.0,5,3859,32,59.3,Mobile App
CUST00973,40,Female,Delhi,2020-03-14,2041901.0,146867.0,29,5324.0,7,11.6,29.3,19.0,1.1,9,8138,79,37.9,Store
CUST00628,40,Male,Chennai,2020-01-07,1908770.0,135423.0,28,4139.0,19,10.2,65.4,23.0,4.2,9,7248,81,52.1,Store
CUST00633,48,Male,Hyderabad,2022-01-18,1696516.0,141919.0,22,5716.0,7,10.2,85.0,16.0,4.2,11,5899,56,88.5,Mobile App
CUST01307,37,Male,Chennai,2024-06-11,1239214.0,81493.0,22,4070.0,23,22.6,86.9,30.0,5.9,7,3745,27,68.1,Mobile App
CUST01401,18,Female,Ahmedabad,2024-01-03,1190969.0,58589.0,22,3073.0,6,34.9,100.0,27.0,11.0,6,3184,32,33.1,Mobile App
CUST01409,61,Male,Pune,2019-07-19,1449631.0,30874.0,5,6779.0,179,66.5,30.8,3.0,1.4,3,654,87,21.7,Store
CUST01249,45,Male,Pune,2019-07-04,1170127.0,30956.0,8,3982.0,175,74.6,69.3,3.0,0.0,3,2222,87,5.0,Mobile App
CUST01953,45,Male,Hyderabad,2023-12-19,2242137.0,115288.0,7,19184.0,84,20.4,41.9,3.0,6.2,3,4977,33,30.7,Store
CUST01255,55,Male,Chennai,2022-11-08,2626718.0,76603.0,28,2825.0,14,13.5,47.3,20.0,6.2,10,3827,46,34.3,Mobile App
CUST01497,33,Male,Kolkata,2024-02-28,844210.0,26713.0,4,6920.0,186,69.0,67.2,3.0,9.4,2,1704,31,0.0,Mobile App
CUST01372,38,Female,Ahmedabad,2025-02-26,370461.0,26922.0,6,4461.0,244,35.5,100.0,1.0,3.7,4,1658,18,2.2,Mobile App
CUST01530,35,Male,Chennai,2024-08-27,454366.0,24084.0,15,2145.0,42,83.3,90.1,16.0,10.0,8,2067,25,75.1,Mobile App
CUST01664,34,Male,Kolkata,2024-05-29,1048565.0,41201.0,16,2879.0,12,,88.0,20.0,2.2,7,2235,28,,Mobile App
CUST01355,34,Male,Chennai,2022-05-11,905783.0,28708.0,7,4258.0,190,23.6,2.0,3.0,13.8,4,1238,52,11.9,Store
CUST01926,35,Male,Kolkata,2025-05-18,1539954.0,141793.0,29,5379.0,13,9.6,76.2,15.0,4.1,6,5942,16,31.5,Website
CUST01901,28,Female,Delhi,2023-01-24,1136120.0,42887.0,12,2781.0,5,33.4,89.8,31.0,6.2,9,1434,44,42.8,Website
CUST01644,29,Male,Delhi,2025-11-08,416779.0,17745.0,13,1147.0,36,78.2,62.4,13.0,4.3,6,1103,10,66.7,Website
CUST01849,31,Male,Delhi,2021-10-25,880962.0,65250.0,21,2855.0,25,89.3,79.7,11.0,8.4,7,3685,59,45.2,Store
CUST00796,26,Female,Chennai,2024-09-27,592290.0,52352.0,21,2931.0,15,61.1,59.3,19.0,18.9,4,2581,23,73.7,Website
CUST00646,27,Male,Mumbai,2021-11-21,564992.0,13474.0,8,2014.0,129,46.5,38.0,6.0,2.1,3,938,58,4.2,Website
CUST01013,38,Male,Ahmedabad,2026-07-24,765677.0,67335.0,22,2778.0,7,39.0,87.1,23.0,6.6,4,4422,1,62.7,Website
CUST01840,68,Female,Pune,2024-08-12,2036164.0,111077.0,7,13174.0,31,0.0,22.1,9.0,9.1,3,4216,25,49.5,Store
CUST00557,35,Female,Bengaluru,2021-10-06,466128.0,48492.0,12,4003.0,1,68.0,43.6,10.0,4.3,3,2405,60,62.6,Website
CUST00682,24,Female,Mumbai,2023-03-15,1186482.0,66166.0,13,5837.0,1,77.9,62.2,15.0,8.9,7,3500,42,62.9,Mobile App
CUST00578,21,Male,Hyderabad,2025-01-11,978500.0,58514.0,17,3457.0,8,0.6,89.8,26.0,1.6,10,2932,20,44.2,Website
CUST01110,40,Female,Pune,2021-07-06,539076.0,63597.0,18,3784.0,7,72.5,71.9,19.0,8.0,7,3877,63,66.0,Store
CUST01267,55,Male,Bengaluru,2020-07-28,2347263.0,129510.0,33,3679.0,4,29.4,62.3,21.0,3.9,9,6507,74,41.1,Website
CUST01723,39,Male,Pune,2022-02-23,1952184.0,81498.0,10,8380.0,32,20.0,51.3,0.0,2.2,5,4214,55,58.9,Website
CUST01184,47,Male,Hyderabad,2021-09-19,2395082.0,123615.0,18,6812.0,24,12.6,67.3,7.0,4.1,10,5081,60,50.4,Store
CUST00525,42,Male,Mumbai,2023-03-07,2117812.0,138011.0,24,6481.0,1,6.1,82.1,12.0,3.6,6,6129,42,48.6,Mobile App
CUST01060,51,Male,Kolkata,2020-01-09,2621100.0,104179.0,4,30696.0,70,11.0,50.4,6.0,5.7,3,4553,81,47.3,Website
CUST00541,22,Female,Chennai,2022-12-22,711231.0,24304.0,5,5536.0,223,76.1,79.8,5.0,7.1,2,1747,45,17.3,Mobile App
CUST01195,63,Female,Mumbai,2021-01-24,700243.0,24172.0,4,7547.0,193,46.2,93.9,2.0,17.2,3,1035,68,1.0,Mobile App
CUST01679,32,Female,Ahmedabad,2023-08-19,818088.0,7463.0,6,1110.0,137,59.5,3.9,3.0,0.0,2,1312,37,6.6,Store
CUST00749,35,Female,Ahmedabad,2017-10-13,1640240.0,99017.0,5,19096.0,5,9.2,56.3,6.0,7.0,3,5431,108,1.3,Store
CUST01852,28,Female,Pune,2022-06-07,849340.0,17516.0,7,2641.0,170,45.3,68.3,0.0,4.4,2,686,52,17.0,Website
CUST01431,43,Male,Delhi,2022-12-05,1019631.0,22512.0,1,24346.0,177,26.6,60.8,6.0,6.5,4,942,46,16.7,Store
CUST00485,44,Male,Hyderabad,2020-03-15,1601093.0,127694.0,24,5195.0,13,30.3,61.3,17.0,2.9,10,6698,79,66.5,Website
CUST01758,28,Female,Hyderabad,2020-03-31,882863.0,20519.0,6,3765.0,178,34.9,8.5,4.0,7.9,3,1694,78,16.1,Store
CUST00096,35,Female,Delhi,2023-10-25,742897.0,78831.0,26,3296.0,17,44.2,94.5,26.0,4.6,3,3540,35,51.0,Mobile App
CUST01021,43,Female,Hyderabad,2021-06-30,540280.0,23086.0,7,3881.0,133,22.3,10.1,3.0,14.7,4,528,63,0.0,Store
CUST00564,32,Female,Kolkata,2023-12-31,862479.0,78033.0,15,4511.0,20,38.5,99.0,31.0,10.4,8,4182,33,39.9,Mobile App
CUST01265,45,Male,Kolkata,2024-03-16,1532553.0,51904.0,26,2058.0,1,19.0,94.0,40.0,11.8,5,2378,30,55.9,Website
CUST00743,50,Female,Kolkata,2020-06-11,573673.0,10056.0,5,2531.0,225,24.5,41.3,3.0,7.3,2,1479,76,16.1,Mobile App
CUST00864,28,Female,Pune,2022-12-23,1038644.0,71645.0,21,3503.0,16,27.7,100.0,25.0,9.3,6,3298,45,59.7,Mobile App
CUST01599,34,Male,Bengaluru,2026-06-20,262645.0,23380.0,5,4572.0,90,47.5,50.9,0.0,9.7,4,490,2,25.2,Store
CUST01715,29,Male,Mumbai,2022-07-15,1134703.0,58694.0,11,3260.0,38,58.1,75.7,17.0,0.7,7,3625,50,88.9,Mobile App
CUST01485,32,Male,Ahmedabad,2022-05-19,1179181.0,46322.0,28,1961.0,30,39.5,81.4,28.0,8.4,6,3688,52,46.1,Mobile App
CUST00892,18,Male,Pune,2021-10-24,1003794.0,21976.0,4,4879.0,119,43.0,32.5,3.0,19.7,3,1409,59,7.8,Store
CUST01578,27,Male,Ahmedabad,2025-02-09,1046110.0,17063.0,5,3140.0,218,61.9,67.0,1.0,11.1,5,320,19,4.2,Website
CUST01039,30,Female,Ahmedabad,2025-10-22,1169622.0,80881.0,27,2434.0,23,51.0,100.0,27.0,6.5,1,4490,10,56.3,Website
CUST00207,49,Female,Delhi,2018-05-14,1776169.0,154043.0,23,5410.0,6,11.8,81.3,16.0,4.4,6,7519,101,39.6,Mobile App
CUST00393,24,Male,Kolkata,2023-07-04,1311510.0,29613.0,18,1483.0,11,35.0,90.6,26.0,6.3,7,2359,39,50.4,Website
CUST00795,38,Male,Bengaluru,2023-01-02,1730151.0,119637.0,25,3643.0,12,21.6,39.5,16.0,0.7,9,5321,45,38.0,Website
CUST00871,51,Female,Pune,2021-01-22,2469028.0,126337.0,1,158008.0,101,33.9,46.3,2.0,7.6,3,4289,68,10.0,Mobile App
CUST00398,22,Female,Delhi,2022-06-03,1242059.0,68905.0,17,3957.0,24,39.8,59.1,6.0,10.1,6,4732,52,89.0,Store
CUST00767,32,Male,Chennai,2020-10-27,942587.0,69787.0,28,2958.0,22,53.2,59.3,16.0,6.5,10,3895,71,55.8,Store
CUST01842,19,Female,Hyderabad,2024-11-24,1030270.0,90807.0,22,3886.0,9,36.4,94.6,19.0,7.4,8,3858,22,35.5,Website
CUST01242,35,Female,Chennai,2024-03-22,1223781.0,54256.0,13,5264.0,63,95.1,74.0,19.0,7.7,7,2020,30,47.7,Mobile App
CUST01029,45,Male,Chennai,2018-01-14,2763032.0,146693.0,6,28008.0,43,15.9,26.4,2.0,2.5,2,7105,105,34.2,Store
CUST01793,26,Female,Hyderabad,2023-04-12,577988.0,56112.0,12,3585.0,13,64.2,72.5,21.0,5.5,6,2999,41,58.3,Mobile App
CUST00643,30,Female,Kolkata,2020-04-29,1922838.0,144616.0,18,7773.0,11,23.5,67.9,6.0,7.0,7,6218,77,44.6,Website
CUST01892,56,Female,Mumbai,2022-07-19,2168378.0,157599.0,5,25425.0,32,26.3,50.5,10.0,4.9,8,6386,50,42.6,Store
CUST00613,31,Male,Mumbai,2021-10-01,905637.0,21613.0,5,3825.0,194,64.6,36.7,6.0,8.1,4,2425,60,4.6,Mobile App
CUST01763,22,Female,Mumbai,2021-05-30,1388736.0,77777.0,14,4386.0,33,76.0,62.3,,13.3,4,3733,64,62.7,Store
CUST00961,25,Male,Ahmedabad,2023-01-23,1701580.0,60318.0,20,2643.0,15,34.1,93.9,21.0,11.0,8,3256,44,42.7,Mobile App
CUST01571,36,Female,Ahmedabad,2022-07-30,746224.0,34355.0,20,1594.0,16,,22.2,20.0,9.0,8,1816,50,84.6,Store
CUST00726,39,Female,Bengaluru,2022-07-01,1423278.0,144684.0,25,5219.0,10,15.8,41.9,13.0,5.3,7,6417,51,78.0,Website
CUST00684,18,Male,Mumbai,2021-12-12,1356241.0,98053.0,21,5397.0,9,33.7,100.0,24.0,0.0,7,4997,57,56.6,Mobile App
CUST00099,50,Male,Chennai,2017-12-21,2336217.0,107466.0,29,3588.0,5,14.3,46.7,11.0,8.2,8,6527,106,55.7,Mobile App
CUST00805,43,Female,Kolkata,2018-03-24,1406153.0,98270.0,24,3544.0,20,16.2,55.0,19.0,3.7,7,6170,103,30.7,Website
CUST01752,26,Female,Ahmedabad,2025-08-14,1333597.0,60512.0,14,4658.0,21,85.9,71.6,8.0,20.2,7,2855,13,71.1,Store
CUST01598,40,Male,Chennai,2018-01-18,1737014.0,191052.0,23,7007.0,13,5.4,62.2,17.0,2.9,8,9506,105,55.5,Mobile App
CUST00407,42,Female,Ahmedabad,2025-06-09,554693.0,55063.0,21,2061.0,26,82.2,34.9,12.0,3.2,9,2785,15,43.2,Store
CUST00503,49,Male,Kolkata,2020-09-11,1234737.0,21812.0,3,7507.0,200,38.8,39.5,2.0,13.5,3,1229,73,24.0,Website
CUST01072,28,Male,Delhi,2023-04-11,905265.0,73459.0,30,2783.0,8,30.7,95.8,,9.9,5,5710,41,95.5,Mobile App
CUST01057,37,Female,Delhi,2022-01-20,1050637.0,19869.0,2,9691.0,152,56.6,58.8,2.0,0.0,4,391,56,19.6,Store
CUST00930,48,Male,Mumbai,2021-07-01,2630143.0,101511.0,7,15184.0,64,9.5,40.1,8.0,6.8,6,4074,63,33.0,Website
CUST00780,27,Male,Hyderabad,2022-09-04,904092.0,30479.0,8,3588.0,210,42.3,42.6,2.0,12.4,4,2121,49,15.2,Mobile App
CUST00201,49,Female,Hyderabad,2023-05-03,2420281.0,108637.0,2,53795.0,70,11.3,18.3,10.0,5.5,4,3806,41,32.1,Store
CUST00135,25,Female,Pune,2022-07-15,1225639.0,77150.0,32,2218.0,15,45.8,100.0,32.0,3.2,10,4653,50,57.6,Website
CUST01052,51,Female,Pune,2021-09-10,1085763.0,159392.0,33,6126.0,5,19.1,65.9,21.0,3.1,7,7070,61,75.5,Store
CUST00041,37,Female,Chennai,2022-04-23,1462228.0,64074.0,21,3294.0,26,26.4,96.1,26.0,3.1,5,3354,53,45.5,Website
CUST01018,28,Female,Mumbai,2022-10-28,250000.0,14744.0,5,2763.0,97,25.1,46.0,4.0,5.2,5,1010,47,4.2,Store
CUST00231,56,Female,Kolkata,2021-08-02,2056369.0,124082.0,32,4377.0,20,16.5,31.8,11.0,4.2,10,6878,62,72.1,Store
CUST01514,61,Male,Chennai,2020-11-04,2914628.0,94640.0,5,17929.0,37,13.6,47.8,9.0,10.8,3,3592,71,35.6,Website
CUST01797,38,Female,Chennai,2025-01-21,736350.0,99161.0,19,4748.0,27,40.1,95.9,27.0,5.6,9,3817,20,46.9,Mobile App
CUST00379,20,Male,Chennai,2023-05-10,911972.0,46993.0,22,1811.0,20,64.9,22.0,2.0,18.0,10,3391,40,55.6,Store
CUST00289,18,Male,Chennai,2023-09-20,332696.0,62813.0,15,4069.0,24,36.7,98.4,19.0,8.6,7,3109,36,39.7,Mobile App
CUST00419,38,Male,Bengaluru,2025-03-19,1029014.0,52748.0,30,2060.0,32,88.1,78.8,22.0,1.8,9,3956,18,59.5,Website
CUST01699,18,Female,Chennai,2024-06-28,,38344.0,1,42131.0,234,52.8,11.9,4.0,14.0,1,1324,26,12.2,Store
CUST00392,33,Female,Ahmedabad,2024-11-01,2004777.0,75809.0,22,2676.0,4,14.9,25.6,15.0,9.9,11,3222,22,59.5,Website
CUST00593,26,Male,Mumbai,2023-12-03,812484.0,63307.0,9,5531.0,5,85.0,92.4,7.0,9.5,5,2331,33,72.6,Mobile App
CUST01523,37,Male,Pune,2022-09-06,1291308.0,22020.0,6,5040.0,258,42.9,29.0,4.0,12.4,3,1374,49,25.3,Store
CUST01163,52,Female,Chennai,2021-12-01,1359722.0,28890.0,3,8067.0,94,52.4,79.5,3.0,0.0,6,1618,58,13.5,Store
CUST01087,33,Male,Chennai,2023-04-18,2497655.0,95641.0,2,45194.0,36,14.5,59.1,7.0,8.3,5,4009,41,27.2,Website
CUST01496,23,Male,Mumbai,2025-07-19,1111709.0,70804.0,26,2745.0,20,61.2,95.2,20.0,2.7,8,4220,14,57.5,Mobile App
CUST00648,34,Female,Bengaluru,2024-09-25,1317523.0,57255.0,17,2951.0,12,30.8,96.9,23.0,9.4,2,2546,24,66.7,Website
CUST01153,40,Male,Chennai,2021-12-09,1010931.0,150624.0,29,4332.0,21,9.4,43.7,18.0,3.9,8,7371,58,32.8,Store
CUST01368,21,Female,Ahmedabad,2021-11-19,1650421.0,113908.0,33,3091.0,17,15.9,56.1,8.0,3.3,11,5711,58,68.6,Website
CUST00521,60,Male,Chennai,2021-09-22,697412.0,28815.0,7,3645.0,193,44.4,57.7,3.0,10.2,1,2263,60,7.6,Store
CUST01863,30,Male,Ahmedabad,2021-11-29,1110843.0,9509.0,7,1174.0,266,51.5,89.9,3.0,0.0,3,1874,58,20.1,Website
CUST00065,23,Female,Delhi,2025-05-21,952326.0,73615.0,20,3895.0,9,40.8,98.2,37.0,11.0,5,3035,16,46.8,Website
CUST01837,43,Male,Hyderabad,2024-12-28,1406745.0,139784.0,27,4983.0,17,5.9,83.8,19.0,3.0,5,6790,20,72.1,Website
CUST00015,23,Female,Ahmedabad,2024-02-26,1111042.0,73114.0,13,5502.0,22,34.2,90.5,21.0,4.8,7,3244,31,57.7,Website
CUST01181,49,Male,Delhi,2022-06-23,3779515.0,113429.0,7,18469.0,20,23.4,40.3,6.0,2.9,5,4766,51,36.7,Website
CUST01065,20,Male,Ahmedabad,2022-12-21,923619.0,32761.0,11,2842.0,4,79.2,100.0,18.0,16.2,7,1795,45,100.0,Website
CUST00493,18,Male,Chennai,2024-08-22,1413353.0,63845.0,18,3296.0,17,28.6,100.0,28.0,12.1,8,3654,25,41.8,Website
CUST00380,40,Female,Mumbai,2025-11-02,1984284.0,113800.0,4,29992.0,46,13.3,44.5,10.0,3.5,5,5204,10,21.4,Store
CUST00188,44,Female,Delhi,2023-04-25,,116798.0,27,4061.0,11,22.4,66.6,22.0,5.8,8,4947,41,55.2,Website
CUST00764,25,Female,Chennai,2021-08-28,2173069.0,88585.0,22,4187.0,17,7.6,44.3,13.0,7.2,6,5002,61,49.3,Store
CUST00217,36,Male,Hyderabad,2021-03-25,1492616.0,161271.0,31,4958.0,1,11.2,56.2,15.0,6.4,12,7325,66,64.9,Mobile App
CUST00792,26,Male,Hyderabad,2024-10-11,1074775.0,38657.0,19,1755.0,49,100.0,74.1,12.0,7.5,5,2115,23,56.2,Website
CUST01077,48,Male,Pune,2023-12-05,1351212.0,50189.0,22,2656.0,1,30.8,100.0,27.0,8.3,6,2789,33,51.4,Website
CUST00879,29,Female,Mumbai,2026-07-25,641379.0,92277.0,21,4970.0,15,15.9,91.2,31.0,6.7,5,4766,1,72.4,Mobile App
CUST00338,34,Male,Kolkata,2022-05-18,2052148.0,106008.0,6,15995.0,68,27.0,29.6,3.0,2.4,6,5467,52,18.3,Store
CUST01773,19,Male,Pune,2024-04-10,814526.0,64973.0,15,4190.0,13,29.8,92.6,27.0,11.3,8,3166,29,42.7,Mobile App
CUST00720,48,Male,Chennai,2024-05-28,722455.0,16069.0,5,3001.0,220,70.5,52.3,3.0,2.4,4,1205,28,6.1,Mobile App
CUST01749,31,Female,Ahmedabad,2023-01-18,748558.0,52656.0,30,2043.0,19,63.8,95.2,32.0,6.4,6,3125,44,69.8,Mobile App
CUST00296,55,Male,Bengaluru,2023-01-18,,29593.0,8,4040.0,210,73.8,87.6,5.0,12.2,3,1387,44,9.0,Mobile App
CUST01726,43,Male,Chennai,2019-07-02,1331652.0,129543.0,26,5125.0,10,17.1,74.2,16.0,6.5,7,7018,87,41.7,Website
CUST01017,47,Female,Mumbai,2021-09-06,2230540.0,62467.0,7,11231.0,81,14.9,57.3,13.0,6.6,3,3596,61,34.7,Website
CUST01276,31,Male,Kolkata,2023-12-05,723532.0,44414.0,19,2235.0,50,92.0,100.0,10.0,10.5,8,3016,33,53.1,Mobile App
CUST01751,34,Female,Ahmedabad,2024-02-20,1103378.0,79113.0,28,2964.0,12,55.3,91.7,31.0,9.8,5,4137,31,18.5,Mobile App
CUST01486,51,Female,Delhi,2018-02-21,1765874.0,108502.0,21,3653.0,4,13.2,51.0,13.0,8.1,8,4945,104,46.4,Mobile App
CUST00456,37,Male,Chennai,2023-04-19,1041847.0,62632.0,29,1555.0,16,68.4,80.3,11.0,15.2,6,3551,41,63.9,Website
CUST01997,18,Female,Delhi,2026-04-14,1007502.0,72115.0,19,4162.0,32,68.5,71.0,19.0,7.4,8,4370,5,58.8,Website
CUST00816,33,Male,Mumbai,2022-12-17,385341.0,37263.0,3,13075.0,219,27.2,70.9,6.0,11.2,5,1348,45,32.1,Mobile App
CUST01887,42,Female,Delhi,2021-05-31,1577035.0,158075.0,15,10657.0,3,12.8,95.7,15.0,6.3,8,6386,64,81.4,Website
CUST00270,44,Male,Ahmedabad,2025-01-24,2238183.0,111019.0,28,3657.0,3,14.8,46.3,12.0,6.2,8,4864,20,33.2,Mobile App
CUST00996,33,Male,Delhi,2025-01-06,1469816.0,57782.0,19,3317.0,12,28.7,88.9,36.0,1.5,11,3173,20,61.9,Mobile App
CUST00202,40,Female,Hyderabad,2018-12-20,749748.0,20662.0,4,21004.0,286,77.6,37.5,,20.0,2,2030,94,12.0,Store
CUST00162,29,Male,Pune,2023-05-30,516612.0,38141.0,5,7058.0,242,31.8,30.1,2.0,0.3,1,2026,40,6.7,Store
CUST01580,47,Male,Chennai,2023-02-20,684949.0,16150.0,4,3684.0,140,20.8,86.6,2.0,5.9,3,1658,43,15.9,Website
CUST00730,29,Female,Kolkata,2022-01-20,1193234.0,53861.0,32,1843.0,11,10.7,79.6,20.0,13.3,9,3149,56,48.2,Website
CUST00402,47,Female,Pune,2026-08-03,1051264.0,22081.0,2,9316.0,170,28.9,0.0,6.0,10.2,3,1856,1,0.0,Store
CUST00703,56,Female,Ahmedabad,2023-08-18,1883362.0,72798.0,20,3198.0,14,18.5,72.5,13.0,3.4,9,3606,37,61.9,Mobile App
CUST01501,34,Female,Pune,2022-09-03,2739629.0,101907.0,4,27598.0,31,27.2,32.3,5.0,0.0,1,4852,49,39.1,Store
CUST01846,33,Male,Pune,2024-01-08,1002500.0,37887.0,12,3131.0,10,27.8,85.6,19.0,7.5,10,2343,32,69.0,Mobile App
CUST01796,34,Male,Mumbai,2024-07-24,992968.0,50506.0,17,3380.0,23,47.4,41.1,9.0,0.5,5,2634,26,82.6,Website
CUST01130,58,Female,Ahmedabad,2021-01-14,1139887.0,3000.0,3,1037.0,154,30.8,37.7,4.0,7.0,1,1147,69,16.6,Website
CUST00566,37,Male,Delhi,2019-07-28,2645547.0,117539.0,9,13044.0,33,13.9,57.8,4.0,7.3,6,5261,86,33.3,Mobile App
CUST01414,39,Female,Mumbai,2022-06-21,1067374.0,5896.0,8,824.0,139,31.4,45.7,2.0,9.8,3,1547,51,2.7,Store
CUST01022,64,Male,Hyderabad,2026-01-19,2384386.0,59623.0,7,10418.0,48,22.8,65.7,5.0,1.4,4,2891,7,59.7,Mobile App
CUST01026,43,Male,Chennai,2022-12-31,876355.0,27276.0,25,1132.0,1,78.7,83.1,20.0,10.0,7,2547,45,62.9,Mobile App
CUST01412,37,Male,Delhi,2026-07-31,1225749.0,26029.0,6,4510.0,148,60.3,75.0,2.0,12.9,1,1315,1,28.4,Mobile App
CUST01896,42,Female,Mumbai,2021-11-11,1847399.0,132595.0,23,6044.0,21,18.0,65.2,13.0,5.5,7,7115,59,37.2,Website
CUST01586,49,Male,Pune,2026-02-03,250000.0,19104.0,5,4439.0,213,44.6,49.3,4.0,15.5,2,1061,7,0.0,Website
CUST01105,38,Male,Pune,2020-02-14,1727354.0,144270.0,18,6717.0,15,7.2,60.8,19.0,9.9,7,6487,80,65.7,Website
CUST00206,28,Male,Hyderabad,2024-08-02,672008.0,53484.0,23,2964.0,23,55.9,70.7,8.0,14.1,4,3268,25,59.2,Website
CUST00035,31,Female,Bengaluru,2024-08-24,1143654.0,66851.0,27,2219.0,13,12.9,96.3,31.0,8.9,8,3511,25,60.6,Mobile App
CUST00776,53,Female,Hyderabad,2021-01-09,950321.0,37059.0,5,7394.0,229,70.5,9.6,2.0,2.7,1,2268,69,7.0,Website
CUST00509,23,Female,Chennai,2024-12-06,1263582.0,74960.0,26,2770.0,7,22.0,98.4,23.0,7.7,4,4368,21,64.2,Website
CUST01452,46,Female,Hyderabad,2024-09-20,1646545.0,97838.0,22,4971.0,15,33.3,99.9,24.0,13.3,6,4412,24,40.5,Website
CUST01479,18,Female,Mumbai,2023-01-13,866507.0,73600.0,25,2880.0,15,27.6,100.0,23.0,2.9,10,3365,44,65.5,Mobile App
CUST01971,37,Male,Delhi,2022-04-20,637693.0,67973.0,25,2274.0,42,78.8,63.1,14.0,11.3,2,3455,53,84.7,Store
CUST01391,45,Female,Bengaluru,2020-03-29,759096.0,16007.0,3,5731.0,260,71.1,36.8,2.0,0.0,3,1526,78,23.5,Store
CUST00092,44,Male,Kolkata,2021-01-28,3093282.0,124075.0,4,31620.0,29,34.5,38.4,,5.6,2,5604,68,8.5,Mobile App
CUST01364,37,Female,Chennai,2018-03-20,2328169.0,70420.0,29,2521.0,1,6.3,50.0,21.0,10.9,10,4567,103,44.6,Store
CUST00898,36,Female,Delhi,2019-11-26,1023022.0,68216.0,11,6892.0,41,68.9,100.0,12.0,13.5,6,3851,82,60.3,Mobile App
CUST00565,29,Male,Chennai,2023-03-23,1122706.0,78716.0,22,3226.0,23,38.9,91.7,40.0,10.2,6,3818,42,52.9,Mobile App
CUST01370,18,Male,Hyderabad,2022-01-06,746830.0,33798.0,19,1515.0,18,58.2,85.2,12.0,8.7,7,2297,57,61.7,Mobile App
CUST00777,30,Male,Hyderabad,2023-10-22,1375750.0,69093.0,18,3286.0,29,36.7,88.1,26.0,6.0,6,3887,35,56.9,Mobile App
CUST00242,62,Female,Bengaluru,2024-11-28,2533884.0,95950.0,5,18492.0,64,23.4,25.9,8.0,10.4,4,3721,21,9.2,Store
CUST00014,41,Female,Pune,2022-12-10,1068360.0,27077.0,6,4311.0,140,81.2,50.4,0.0,2.0,1,2583,45,10.9,Store
CUST00316,35,Male,Ahmedabad,2022-11-25,443985.0,60160.0,16,4455.0,28,66.7,83.9,22.0,4.7,6,3081,46,55.1,Mobile App
CUST00601,38,Male,Ahmedabad,2023-09-03,746879.0,78119.0,20,4039.0,16,24.0,80.0,25.0,9.9,8,4186,36,51.5,Mobile App
CUST00388,31,Male,Chennai,2023-09-07,393141.0,10732.0,5,2071.0,230,16.6,44.1,2.0,1.0,2,0,36,6.5,Mobile App
CUST01298,48,Male,Delhi,2016-10-24,2109073.0,110232.0,35,3063.0,6,6.4,47.7,23.0,1.7,6,5852,120,69.1,Website
CUST00167,60,Male,Bengaluru,2021-07-13,1321986.0,25680.0,3,9649.0,216,16.0,81.8,3.0,0.0,2,1112,63,9.9,Mobile App
CUST00841,35,Other,Hyderabad,2018-12-03,1944901.0,133867.0,30,5017.0,15,7.7,70.0,6.0,4.6,7,5906,94,52.7,Mobile App
CUST00021,59,Male,Ahmedabad,2021-05-18,2856645.0,182176.0,4,42771.0,93,14.9,32.2,3.0,0.0,3,7074,64,21.1,Store
CUST00647,60,Female,Mumbai,2021-11-17,1851657.0,118295.0,24,4930.0,8,8.1,56.3,17.0,3.8,8,6065,58,50.2,Website
CUST01843,39,Male,Chennai,2021-12-30,1482217.0,159283.0,26,5634.0,12,6.6,64.1,19.0,8.8,8,6814,57,57.0,Website
CUST01509,39,Female,Chennai,2022-12-17,880128.0,73438.0,12,5943.0,19,53.7,76.2,16.0,25.7,8,3535,45,71.8,Website
CUST01155,29,Male,Mumbai,2024-09-23,1552368.0,82338.0,23,4262.0,11,52.1,94.3,46.0,6.0,9,4339,24,62.4,Mobile App
CUST01529,28,Other,Mumbai,2020-12-03,1570981.0,138556.0,20,8101.0,12,15.3,64.2,15.0,1.7,7,5860,70,45.2,Website
CUST00832,19,Male,Bengaluru,2023-09-06,1431488.0,56607.0,22,3299.0,11,44.4,100.0,23.0,11.3,7,3268,36,80.3,Website
CUST01268,56,Male,Bengaluru,2020-11-17,468755.0,34539.0,3,10247.0,247,40.4,88.1,2.0,0.0,1,1938,70,0.0,Mobile App
CUST01591,18,Female,Pune,2025-07-09,564054.0,33052.0,24,1248.0,5,66.5,65.1,7.0,10.9,2,2998,14,71.0,Mobile App
CUST01900,42,Female,Chennai,2022-04-10,1564642.0,156838.0,18,7705.0,15,4.8,62.7,21.0,6.5,6,6498,53,42.9,Website
CUST00563,27,Male,Kolkata,2023-07-04,466180.0,3000.0,3,890.0,188,34.7,83.9,2.0,7.0,4,613,39,15.6,Mobile App
CUST01952,44,Male,Delhi,2023-08-30,1950400.0,99041.0,35,2763.0,9,14.1,46.2,17.0,11.2,6,5076,37,42.0,Store
CUST00687,36,Male,Chennai,2024-06-17,1327331.0,54590.0,15,2806.0,33,56.8,56.6,12.0,6.2,7,3486,27,54.3,Store
CUST00958,18,Female,Pune,2023-11-09,919671.0,83670.0,20,4067.0,4,45.8,86.4,26.0,0.9,8,4004,34,60.7,Mobile App
CUST00190,41,Male,Delhi,2025-01-05,622337.0,42291.0,20,1956.0,1,48.6,64.0,6.0,17.1,6,1990,20,57.5,Mobile App
CUST01807,50,Male,Pune,2024-05-30,2123373.0,180567.0,24,7776.0,6,13.5,61.0,9.0,1.4,8,7466,27,50.0,Store
CUST00976,32,Male,Kolkata,2025-05-31,1225883.0,46627.0,24,2154.0,22,48.8,97.0,31.0,0.1,7,2356,15,68.5,Website
CUST00700,25,Male,Pune,2026-06-08,418850.0,56664.0,21,2935.0,24,80.6,93.3,18.0,22.4,12,3204,3,35.0,Mobile App
CUST01500,23,Male,Hyderabad,2025-05-01,1343656.0,73034.0,16,4166.0,15,17.9,83.3,38.0,6.4,11,3844,16,55.9,Website
CUST01706,37,Female,Mumbai,2024-06-07,678797.0,13526.0,3,4027.0,154,61.3,86.5,7.0,12.1,2,1030,27,18.8,Mobile App
CUST00511,54,Male,Delhi,2022-10-30,2104766.0,103926.0,22,4539.0,13,12.4,26.2,17.0,8.9,9,4926,47,43.1,Store
CUST01083,48,Male,Delhi,2021-01-25,570307.0,22327.0,7,2960.0,189,45.5,52.3,1.0,6.4,1,945,68,3.8,Website
CUST00475,33,Male,Kolkata,2025-02-10,293655.0,49777.0,14,3500.0,38,65.9,64.6,8.0,2.6,8,2981,19,68.0,Mobile App
CUST01585,26,Male,Kolkata,2024-10-18,840859.0,69662.0,29,2009.0,14,33.4,80.0,24.0,8.1,4,4096,23,52.6,Mobile App
CUST00857,41,Female,Hyderabad,2024-04-09,2576165.0,124868.0,8,15606.0,48,21.8,38.6,1.0,3.4,3,4395,29,20.1,Mobile App
CUST00748,34,Male,Kolkata,2022-11-11,1406591.0,68908.0,26,2440.0,5,37.2,99.0,29.0,4.9,6,4250,46,30.5,Mobile App
CUST00253,27,Female,Bengaluru,2024-08-15,1097490.0,58091.0,27,1972.0,20,53.3,89.8,27.0,10.0,7,3116,25,47.5,Mobile App
CUST00022,37,Male,Bengaluru,2021-07-13,1205884.0,52839.0,20,2758.0,24,70.5,72.3,24.0,7.6,7,2061,63,85.1,Mobile App
CUST01338,22,Female,Hyderabad,2025-08-04,1182997.0,82612.0,23,4329.0,25,25.1,93.3,15.0,7.8,10,3685,13,61.5,Mobile App
CUST00460,30,Female,Hyderabad,2021-02-25,1503222.0,55207.0,12,5048.0,14,27.0,79.7,26.0,11.9,4,2398,67,34.6,Store
CUST01185,42,Female,Chennai,2022-07-09,1783594.0,129549.0,24,5121.0,9,9.5,52.2,13.0,0.0,8,5823,50,27.0,Store
CUST00277,59,Male,Kolkata,2024-04-21,952050.0,41387.0,17,2583.0,25,71.0,55.4,10.0,10.7,5,2354,29,48.0,Website
CUST00956,39,Female,Hyderabad,2021-01-11,977579.0,39526.0,6,7149.0,195,71.8,38.3,1.0,18.6,3,1656,69,5.1,Store
CUST01216,28,Female,Mumbai,2023-07-19,1257945.0,71078.0,25,3138.0,4,40.9,90.1,31.0,15.9,4,4417,38,77.3,Mobile App
CUST00386,41,Male,Hyderabad,2025-11-15,1096361.0,26052.0,4,6746.0,155,70.0,49.7,0.0,9.2,6,1219,10,12.3,Mobile App
CUST00806,40,Female,Chennai,2023-08-26,1482396.0,115293.0,24,4258.0,10,19.8,44.1,15.0,0.7,8,5939,37,37.3,Store
CUST01438,31,Male,Hyderabad,2025-01-12,1041341.0,89246.0,22,3841.0,13,30.8,100.0,16.0,4.5,7,4401,20,55.9,Website
CUST01516,36,Male,Hyderabad,2026-07-23,812198.0,25712.0,28,997.0,18,68.4,30.5,12.0,6.1,6,2071,1,60.9,Store
CUST00344,26,Male,Bengaluru,2023-11-16,519143.0,72401.0,17,3963.0,23,40.2,100.0,27.0,9.2,4,3300,34,47.0,Website
CUST00770,25,Male,Kolkata,2024-02-02,1250528.0,45552.0,20,2358.0,10,23.8,94.4,16.0,10.6,8,2433,31,66.0,Mobile App
CUST01333,18,Female,Hyderabad,2021-12-28,1462493.0,68259.0,27,2495.0,12,47.3,91.1,30.0,8.1,8,4159,57,22.0,Mobile App
CUST01686,47,Male,Delhi,2024-08-05,1407255.0,51841.0,16,2864.0,12,67.8,77.9,17.0,12.4,5,3442,25,97.3,Website
CUST00131,52,Female,Kolkata,2021-10-12,2005205.0,91709.0,20,4879.0,18,2.6,53.9,17.0,1.6,6,4893,60,62.6,Mobile App
CUST01688,33,Female,Delhi,2026-08-02,660982.0,55618.0,16,3483.0,15,33.2,100.0,26.0,3.0,10,2669,1,48.6,Mobile App
CUST00872,39,Female,Pune,2021-02-08,,114366.0,33,3040.0,5,10.0,53.3,17.0,6.1,9,6226,68,64.9,Mobile App
CUST01124,41,Female,Bengaluru,2020-09-20,1852197.0,125953.0,23,5512.0,8,17.1,76.6,19.0,3.0,9,6359,72,44.4,Website
CUST01397,20,Male,Delhi,2026-07-06,1140129.0,105221.0,16,6485.0,10,28.2,99.4,35.0,7.6,7,4347,2,70.8,Website
CUST00088,27,Female,Kolkata,2024-02-18,,46973.0,25,1732.0,22,35.3,90.0,40.0,14.9,7,2852,31,42.0,Mobile App
CUST01483,24,Female,Kolkata,2021-09-20,973536.0,56015.0,26,2084.0,16,25.0,100.0,40.0,5.7,4,3663,60,55.5,Website
CUST00331,50,Female,Delhi,2022-09-06,1518607.0,99123.0,4,23604.0,57,14.0,30.3,2.0,8.8,4,4179,49,38.6,Store
CUST01239,47,Female,Mumbai,2021-09-26,1148027.0,125649.0,19,7678.0,18,23.3,57.0,11.0,3.0,7,6218,60,75.6,Mobile App
CUST00467,27,Male,Chennai,2024-06-24,1122148.0,80061.0,21,3697.0,13,11.6,95.8,22.0,10.0,10,4137,27,31.6,Website
CUST00122,27,Female,Pune,2024-05-11,1004592.0,78455.0,18,4969.0,21,38.7,93.8,32.0,13.9,7,3619,28,72.1,Website
CUST01639,45,Female,Chennai,2023-04-05,1143974.0,51660.0,16,3062.0,30,53.3,66.8,13.0,4.9,2,2369,42,73.0,Mobile App
CUST01045,28,Female,Bengaluru,2020-06-18,1244246.0,130749.0,32,4090.0,11,31.4,41.4,17.0,8.9,10,7455,76,71.1,Website
CUST01725,25,Female,Delhi,2026-06-09,1775323.0,54885.0,11,4508.0,13,35.7,89.4,34.0,10.9,6,1657,3,27.5,Mobile App
CUST01096,37,Male,Kolkata,2021-11-12,1037314.0,54168.0,20,2694.0,36,50.0,94.9,11.0,5.9,9,2682,58,72.1,Mobile App
CUST01131,56,Male,Hyderabad,2024-08-05,,26592.0,4,5963.0,67,63.9,65.4,0.0,12.3,4,1141,25,4.5,Website
CUST01295,24,Male,Bengaluru,2025-01-25,702974.0,60439.0,22,2854.0,13,72.5,60.5,19.0,10.2,4,3393,19,90.7,Store
CUST00861,49,Male,Hyderabad,2022-09-12,2311931.0,70207.0,7,9392.0,55,8.1,67.3,13.0,9.8,5,2946,48,27.0,Store
CUST01460,37,Male,Chennai,2021-07-30,501492.0,56713.0,20,3174.0,34,85.1,61.2,4.0,11.3,3,3052,62,57.0,Store
CUST01127,29,Female,Ahmedabad,2024-07-25,533217.0,74872.0,19,4328.0,5,33.8,100.0,24.0,0.6,7,3314,26,18.9,Mobile App
